Date,SP500,UKX GBP,Nikkei JPY,DAX EUR,CAC 40 EUR,Brent,WTI,Opec,eur,jpy,gbp,XAU COMPN ,DXY,USGB090Y,GBTF3MO,GETB1 Index,GJGB3M,BrentNoLog,ECMSM3,FED M2,CNMSM2,shsz300
2/29/2008,-0.035379708,0.000765039,0.000775864,-0.015238665,-0.016382626,0.082101102,0.104335467,0.091560085,-0.021176732,-0.025691232,-0.000994135,0.050722391,-0.019665895,-0.044216424,0,-0.011111111,0.017953321,0.085565557,0.002300181,0.011066886,0.007675008,0.01165162
3/31/2008,-0.005977412,-0.031453259,-0.082522067,-0.032097673,-0.017602555,0.001996009,-0.002556289,0.02338808,-0.039317864,-0.039818482,0.00278109,-0.060609224,-0.02628041,-0.25005551,-0.001662035,-0.115233865,0.037037037,0.001998002,0.008046286,0.008273002,0.004778159,-0.20962705
4/30/2008,0.04645094,0.065370106,0.100514751,0.061404105,0.059680039,0.104602502,0.110603687,0.084532726,0.01052228,0.041359463,-0.001588247,-0.043842668,0.009798361,-0.012997683,0.021200219,0.06497342,0.037414966,0.110269192,0.010662236,0.005977586,0.014686875,0.043515927
5/30/2008,0.010617587,-0.005568016,0.034666506,0.021070708,0.003544169,0.137541839,0.11548885,0.125486447,0.004364777,0.015280595,0.002381426,0.010147192,0.00508984,0.398327646,0.014162718,0.089295618,0.001639344,0.147449713,0.009796329,0.001238132,0.015962484,-0.091945653
6/30/2008,-0.08988355,-0.073255682,-0.061641543,-0.100486168,-0.122796048,0.090117364,0.094703221,0.111480802,-0.012679202,0.00670668,-0.005166943,0.042944951,-0.005724445,-0.050101899,0.053297835,0.062627291,-0.029459902,0.094302708,0.00180554,0.002120809,0.015737633,-0.257382413
7/31/2008,-0.0099083,-0.038780703,-0.007786863,0.009496206,-0.009627125,-0.120307137,-0.120715904,-0.104927698,0.00956345,0.015785131,0.004175371,-0.012318922,0.010488119,-0.075537212,0.031428844,0.008145664,0.003372681,-0.113351927,0.003506151,0.005831752,0.007242726,0.00478469
8/29/2008,0.012116797,0.040680814,-0.02298352,-0.008876298,0.020336567,-0.083483314,-0.072002369,-0.096347622,0.061422813,0.008213788,0.085522173,-0.095096871,0.055177067,0.011500009,-0.002080732,0.015446768,-0.011764706,-0.080093563,0.002652693,0.001781611,0.005550674,-0.159499079
9/30/2008,-0.095180787,-0.139545967,-0.149294901,-0.096584367,-0.105915903,-0.149936279,-0.137374357,-0.20824121,0.04040518,-0.025035043,0.022513333,0.046774286,0.026361447,-0.520039608,-0.301037902,-0.432014978,-0.005102041,-0.139237177,0.007183905,0.008809611,0.008987076,-0.063870862
10/31/2008,-0.185636486,-0.113293846,-0.272162319,-0.156162929,-0.14522549,-0.407402402,-0.394840116,-0.452792105,0.101619027,-0.074724359,0.102328319,-0.184033797,0.074968003,-0.450460424,-0.162446139,-0.203131438,-0.287179487,-0.334623612,0.013763293,0.013751812,0.000517863,-0.299088466
11/28/2008,-0.077798346,-0.020618478,-0.007573218,-0.065989863,-0.066512899,-0.199803548,-0.219794204,-0.195749283,0.003050721,-0.030311599,0.044801205,0.121372687,0.010270204,-0.876270488,-0.154497606,-0.193381593,0.230215827,-0.181108389,0.004396866,0.007437968,0.012089494,0.095252255
12/31/2008,0.007791136,0.033517695,0.03998845,0.029699513,-0.013798218,-0.159806326,-0.199181613,-0.283033849,-0.096110094,-0.052103509,0.05167754,0.075325284,-0.062096514,-0.434227567,-0.224245261,-0.448717949,-0.586744639,-0.147691157,0.005995581,0.022012105,0.035389643,-0.006689282
1/30/2009,-0.089549886,-0.066318867,-0.102799587,-0.103244572,-0.078869778,0.006340898,-0.067712462,0.166362013,0.086673655,-0.008416439,0.003933858,0.050621338,0.056091256,5.877043819,-0.322312055,0.280232558,0.41509434,0.006361044,-0.002525848,0.009687696,0.043183192,0.111772151
2/27/2009,-0.116456544,-0.080133282,-0.054713188,-0.121048241,-0.095711078,0.010192,0.071293486,0.028389003,0.011211737,0.082162004,0.015725636,0.015506674,0.023092051,0.117641465,-0.201923077,-0.309718438,-0.056666667,0.010244115,0.001529467,0.003341448,0.021086426,0.051679655
3/31/2009,0.081952736,0.024768453,0.069055586,0.060817124,0.038067546,0.060281902,0.103884897,0.076138229,-0.044826157,0.013835419,-0.000572738,-0.024927426,-0.029730392,-0.143550034,-0.240963855,-0.376315789,-0.113074205,0.062135922,-0.000812278,0.007393705,0.046123663,0.158367112
4/30/2009,0.089772215,0.077781132,0.084918026,0.154968019,0.118287142,0.031393161,0.02897603,0.076524282,0.001721057,-0.003440951,-0.032164601,-0.034252387,-0.00959759,-0.518430204,0.099794239,0.375527426,-0.15936255,0.031891123,0.008827744,0.000635663,0.018401093,0.044890126
5/29/2009,0.051720558,0.040235637,0.07569948,0.035300315,0.036602144,0.254459085,0.260164905,0.235144327,-0.0680013,-0.034027409,-0.090338091,0.097487906,-0.064256496,0.474314009,-0.072163571,0.122699387,-0.09478673,0.28976378,-0.002877217,0.006596582,0.014296157,0.050833588
6/30/2009,0.000195816,-0.038940441,0.044763013,-0.027117009,-0.042763785,0.056089467,0.052581862,0.087848153,0.008880177,0.010641728,-0.016486132,-0.055162875,0.009844512,0.183529247,-0.218349417,-0.224043716,-0.141361257,0.057692308,-0.000569756,0.001011923,0.036977137,0.137491801
7/31/2009,0.071521977,0.081138962,0.039225773,0.103338359,0.087109288,0.034045841,-0.006315508,-0.014042938,-0.015984498,-0.017377178,-0.015257344,0.029141698,-0.022540076,0.013065327,-0.292979547,-0.51056338,0.030487805,0.034632035,-0.003878725,0.000463952,0.007332134,0.16502867
8/31/2009,0.033009321,0.063177839,0.01301737,0.024540097,0.064224355,-0.029008047,0.007316581,0.025620284,-0.005289883,-0.016825016,0.025572622,-0.002886762,-0.002236151,-0.233660131,-0.108418035,-0.075539568,-0.059171598,-0.028591353,-0.004350227,-8.33E-05,0.006255185,-0.27727396
9/30/2009,0.035100104,0.04481572,-0.034843453,0.037806001,0.038095881,-0.008362217,0.009248127,-0.070953826,-0.021004611,-0.037418215,0.019038975,0.057648876,-0.019622784,-0.373515078,0.053200818,0.175097276,-0.044025157,-0.008327351,-0.000188611,-0.000261712,0.014983961,0.059838897
10/30/2009,-0.019959865,-0.017557152,-0.00976705,-0.046933263,-0.050724764,0.085030748,0.086633644,0.142113832,-0.005578406,0.004449396,-0.028531681,0.036729081,-0.004615805,-0.320043758,0.101026922,0.046357616,0.085526316,0.088750543,-0.001719499,0.00334949,0.002112541,0.087745211
11/30/2009,0.055779016,0.028556257,-0.071152778,0.038224329,0.019885834,0.042565155,0.003629768,0.008565645,-0.019172765,-0.041816755,0.000328839,0.120775811,-0.018799461,-0.19628173,-0.018905974,0.21835443,0.018181818,0.043484043,-0.002257164,0.004838099,0.013481528,0.068135487
12/31/2009,0.017614547,0.041916589,0.120888068,0.057249357,0.067295305,-0.006905398,0.026559273,0.0123885,0.046185735,0.073603604,0.016629011,-0.072641797,0.039038865,0.285587189,-0.067831449,-0.27012987,-0.172619048,-0.006881611,0.00440533,-0.000377688,0.025928425,0.01806366
1/29/2010,-0.037675141,-0.042332806,-0.033592817,-0.06030417,-0.051307601,-0.086673135,-0.085043008,-0.083060476,0.032979313,-0.029901835,0.011573831,-0.014785833,0.020366578,0.110726644,-0.218853363,-0.099644128,-0.09352518,-0.083023226,-0.005995716,-0.004721316,0.024899133,-0.109705402
2/26/2010,0.028114744,0.031492571,-0.007086209,-0.00184345,-0.008232842,0.0823007,0.088816122,0.049319795,0.01731764,-0.014843194,0.047746978,0.03343576,0.011262508,0.775389408,-0.002117149,-0.118577075,0.079365079,0.085782256,-0.002443751,0.005464753,0.016586181,0.023902474
3/31/2010,0.057132761,0.058946786,0.090929055,0.094537591,0.069067286,0.063781049,0.050187989,0.053502648,0.00854764,0.049571552,0.003498368,-0.003899864,0.008808556,0.278118968,0.097595474,0.161434978,-0.007352941,0.065859002,0.001050891,-0.000743437,0.021579354,0.0192966
4/30/2010,0.014651468,-0.022497306,-0.002938504,-0.00290498,-0.040313507,0.055733242,0.028134396,0.066720066,0.016081826,0.004164226,-0.005786524,0.057552577,0.009733781,0.079695222,-0.146585052,-0.297297297,0.022222222,0.057315599,0.009266638,0.003676388,0.010124321,-0.086831782
5/31/2010,-0.085531654,-0.067959398,-0.12391649,-0.028327444,-0.084541515,-0.15814232,-0.152430357,-0.15736516,0.077359792,-0.027875617,0.048877428,0.030895001,0.056077474,-0.040307712,-0.235560589,-0.120879121,-0.079710145,-0.146271729,0.002891065,0.006144196,0.010288954,-0.100793733
6/30/2010,-0.05538838,-0.053758997,-0.040322224,0.0001995,-0.018609404,0.004810914,0.022193424,0.008450559,0.005521825,-0.031497791,-0.027124304,0.021193008,-0.006593036,0.043789334,0.48691358,-0.03125,0.023622047,0.004822505,-0.01825981,0.002113586,0.015809067,-0.078817765
7/30/2010,0.066515783,0.067082381,0.016349253,0.030125719,0.056534712,0.041392422,0.042961711,0.026410465,-0.064440631,-0.022526823,-0.04915634,-0.050562714,-0.053486769,-0.078002031,0.458651611,0.432258065,-0.038461538,0.042261032,-0.001486543,0.001119207,0.000192585,0.112705494
8/31/2010,-0.048611803,-0.006257628,-0.077728345,-0.036904129,-0.042717876,-0.046337304,-0.093260351,-0.027790918,0.028942788,-0.026483854,0.022350767,0.05473993,0.020189953,-0.093962966,-0.125,-0.045045045,-0.056,-0.045280123,0.000956722,0.005866959,0.019765348,0.01189888
9/30/2010,0.083928475,0.060052346,0.059961642,0.0500012,0.062299058,0.09781605,0.106097174,0.06795167,-0.072558423,-0.008227555,-0.023607246,0.047665334,-0.055374133,-0.001291597,0.31459797,0.716981132,0.016949153,0.102759914,-0.000386493,0.003446006,0.012955008,0.01109151
10/29/2010,0.036193001,0.022549509,-0.017973971,0.058058186,0.031351095,0.010153599,0.018092191,0.024730387,-0.022751757,-0.038196334,-0.020321385,0.038276625,-0.018643239,-0.086268543,0.312747427,0.508241758,0,0.010205321,0.001003276,0.005801255,0.004734411,0.14096815
11/30/2010,-0.002292909,-0.026223829,0.076799437,0.013110935,-0.059948575,0.032770425,0.03238171,0.051891202,0.071704209,0.04011021,0.030018052,0.01940012,0.049599655,0.240196487,-0.146562123,-0.245901639,0.1,0.033313289,0.001376986,0.003322833,0.014981037,-0.074606051
12/31/2010,0.063256517,0.065067254,0.028949813,0.033187683,0.052428522,0.097825213,0.08290117,0.061882576,-0.030714864,-0.030577485,-0.003117695,0.024762471,-0.027051449,-0.2058942,-0.300353357,-0.246376812,0.045454545,0.102770019,0.005452693,0.003790565,0.021603541,-0.002786802
1/31/2011,0.022392985,-0.006290997,0.000879471,0.023342091,0.051410246,0.063977678,0.008825029,0.07091633,-0.022746716,0.010784418,-0.025297792,-0.063924024,-0.016496614,0.208048018,0.693939394,0.567307692,-0.115942029,0.066068602,-0.001243481,0.004025981,0.011006206,-0.016681102
2/28/2011,0.031456595,0.022109453,0.03702559,0.027157448,0.025839766,0.101492039,0.050549988,0.127309839,-0.008112798,-0.003174218,-0.015166473,0.057356807,-0.010942783,-0.10209937,0.031305903,-0.104294479,0.049180328,0.106821107,-0.001132964,0.004699177,0.003055888,0.05164168
3/31/2011,-0.001047851,-0.014324642,-0.085333839,-0.032281128,-0.029922487,0.048534573,0.09580693,0.026556672,-0.025024022,0.016372933,0.014205243,0.014642745,-0.013512834,-0.306367391,0.158716392,0.710045662,-0.03125,0.049731664,0.003241878,0.004902053,0.029448106,-0.005034941
4/29/2011,0.028096916,0.026906135,0.009654834,0.065034932,0.02908766,0.070162376,0.065375643,0.07709732,-0.044876541,-0.0234904,-0.041396504,0.087773264,-0.039308777,-0.57741573,0.239271457,0.078771696,0.008064516,0.072682345,0.006694879,0.007023704,-0.000984879,-0.009529359
5/31/2011,-0.013592894,-0.013252388,-0.015965774,-0.029819574,-0.024645498,-0.075544934,-0.103772108,-0.079073782,0.028031032,0.003933142,0.015581287,-0.01800339,0.023108549,0.057697421,-0.053553453,0.044554455,-0.064,-0.072761935,5.19E-05,0.0055992,0.007923009,-0.061741065
6/30/2011,-0.018426233,-0.007419792,0.012543591,0.011254433,-0.006190916,-0.037088148,-0.073523917,-0.033839534,-0.007224421,-0.011846141,0.024371637,-0.023353004,-0.004498433,-0.343891403,0.258774729,0.157582938,-0.170940171,-0.036408807,0.001319084,0.009292217,0.022551611,0.014069852
7/29/2011,-0.021708367,-0.022196492,0.001724251,-0.029925845,-0.081296566,0.037173812,0.002930098,0.042613877,0.007224421,-0.048318577,-0.022564061,0.081580141,-0.005479096,2.452873563,-0.229066329,-0.376663255,0.103092784,0.0378734,0.000155447,0.020518955,-0.010165465,-0.023939962
8/31/2011,-0.058467492,-0.075087982,-0.093512758,-0.213095747,-0.119807539,-0.016322311,-0.074719042,-0.006977397,0.001582393,-0.001303611,0.010290005,0.114701352,0.002972694,-0.965157568,-0.283428321,-0.195402299,0.009345794,-0.016189824,0.004274037,0.022732367,0.010205678,-0.043073513
9/30/2011,-0.074467128,-0.050576158,-0.028878011,-0.050127134,-0.088152034,-0.111230757,-0.114522957,-0.092379112,0.071012774,0.004685068,0.041692594,-0.117099981,0.058128631,3.385350318,-0.414040991,-0.767346939,0.018518519,-0.105267741,0.002096964,0.002524563,0.008358237,-0.097876013
10/31/2011,0.102306592,0.077946625,0.032577386,0.109927662,0.083868687,0.064076172,0.162664121,0.053201485,-0.034460339,0.014820814,-0.031668257,0.054445687,-0.030858387,-0.431372549,0.285304098,0.236842105,-0.036363636,0.066173608,-0.003073395,0.003450431,0.036685763,0.043200708
11/30/2011,-0.005071483,-0.007022882,-0.063590266,-0.008585372,-0.027581444,0.008724156,0.074123302,0.029979257,0.030301213,-0.007060816,0.024158835,0.018219461,0.028704656,-0.37037037,-0.457351747,-1.936170213,0.113207547,0.008762322,0.001209621,0.004741919,0.010551858,-0.066651331
12/30/2011,0.008496553,0.012071244,0.002455898,-0.031784937,0.001643854,-0.028822555,-0.015362519,-0.03259657,0.036434864,-0.009319249,0.010621781,-0.110490266,0.022629338,1.332657201,-1.230538922,0.340909091,-0.093220339,-0.028411147,0.009134786,0.00408671,0.031124373,-0.072260977
1/31/2012,0.042659999,0.019430337,0.040237531,0.090787922,0.042971079,0.03297606,-0.003547721,0.040087918,-0.009246664,-0.0082262,-0.014397745,0.105450043,-0.01116237,3.445217391,-3.407467532,-0.796610169,-0.009345794,0.033525796,-0.004180915,0.008061893,0.005046014,0.049290642
2/29/2012,0.039787331,0.032877198,0.099481988,0.059675277,0.045601146,0.100066295,0.083629344,0.082633195,-0.018220731,0.062019618,-0.009661911,-0.02373126,-0.006973608,0.394757433,-0.494268375,-2,0.028301887,0.105244188,0.001081007,0.003658039,0.013084389,0.066665193
3/30/2012,0.030851536,-0.017708427,0.036387479,0.013149591,-0.008330158,0.001791969,-0.038559682,0.000827541,-0.001333334,0.020973821,-0.006226571,-0.016938477,0.003385299,-0.027629734,-0.1,-1.694444444,-0.036697248,0.001793576,0.010497299,0.004941717,0.032218712,-0.070470726
4/30/2012,-0.007525745,-0.005331038,-0.057418043,-0.02708653,-0.063611135,-0.028142976,0.017798344,-0.030999164,0.007841093,-0.037499015,-0.013544225,-0.002160152,-0.002890102,0.319919227,-0.306666667,-1,0,-0.027750651,0.000263034,0.00546569,-0.006678942,0.067436676
5/31/2012,-0.06469925,-0.075437432,-0.108407703,-0.076319289,-0.062876556,-0.159367803,-0.192230313,-0.148167477,0.06818061,-0.019098791,0.052339825,-0.064713538,0.052750164,-0.261173642,0.769230769,0,0.019047619,-0.147317318,0.003955171,0.003080979,0.011672564,0.002236508
6/29/2012,0.038792661,0.045966551,0.052896998,0.02395889,0.057837112,-0.040772914,-0.018310617,-0.083222439,-0.023648271,0.018722875,-0.019288201,0.023415883,-0.017198456,0.156189913,-0.493961353,-0.16,-0.028037383,-0.039952881,0.003795638,0.007108712,0.02733524,-0.066943604
7/31/2012,0.012518949,0.01144534,-0.035222579,0.053996346,0.02928861,0.070273578,0.035837843,0.094635393,0.028705328,-0.021152077,0.001726168,0.010524119,0.01227323,0.18638864,-1,7.095238095,-0.009615385,0.072801636,0.003003499,0.007507392,-0.006419323,-0.053694906
8/31/2012,0.019570602,0.013431349,0.016521647,0.028893704,0.036220183,0.087987835,0.091213679,0.083933208,-0.021891421,0.003450262,-0.011828858,0.047015745,-0.017419555,-0.068039681,0,-0.329411765,0.009708738,0.091974838,-0.002537127,0.007223763,0.006314885,-0.056452152
9/28/2012,0.023947057,0.005341588,0.003416139,0.034593008,-0.017214062,-0.019211024,-0.045380414,-0.013493526,-0.02225281,-0.005757068,-0.018898705,0.046248113,-0.01579996,-0.120212889,0,-0.631578947,0.019230769,-0.019027669,0.001292873,0.008154456,0.020116666,0.039240425
10/31/2012,-0.019987836,0.007050929,0.006532053,0.006145032,0.021949293,-0.033383171,-0.066717558,-0.032619645,-0.007485838,0.023208194,0.002422286,-0.029463158,-0.000200183,0.337848501,0,0.833333333,-0.028301887,-0.032832103,0.005610825,0.006011493,-0.007749123,-0.016838828
11/30/2012,0.002842659,0.014442048,0.056367543,0.019756365,0.036648797,0.023008335,0.030490515,0.022631932,-0.002594372,0.033287097,0.007391967,-0.003405671,0.002923686,-0.28467512,0,-0.311688312,0.029126214,0.023275069,0.000479446,0.005810603,0.00896023,-0.052423209
12/31/2012,0.007043447,0.005268346,0.095749807,0.027554216,0.023281387,-0.001079428,0.032205517,-0.00767279,-0.015577251,0.050595828,-0.014514043,-0.023274357,-0.00480235,-0.203655352,-0.484,-0.018867925,0.037735849,-0.001078846,0.004960197,0.012010042,0.030556507,0.164781914
1/31/2013,0.049197761,0.062291946,0.069079703,0.021271314,0.024827447,0.039182635,0.05991967,0.04126733,-0.02877415,0.055710039,0.024074345,-0.007008115,-0.007070279,0.128904228,-2.744186047,-1.884615385,-0.018181818,0.0399604,-0.006196996,0.002356097,0.018289377,0.062951817
2/28/2013,0.010999882,0.013282686,0.037073558,-0.004427195,-0.002575247,-0.036755559,-0.057417901,-0.033318309,0.038881212,0.009116625,0.044658584,-0.051854995,0.034032424,0.58896362,0,-1.739130435,-0.314814815,-0.036088273,0.000723215,-0.001340188,0.006501658,-0.005055783
3/29/2013,0.035355367,0.007974957,0.070032412,0.006900969,0.002259063,-0.012285611,0.054747398,-0.012879492,0.018759849,0.01766925,-0.002125399,0.012063085,0.012454307,-0.393843194,-0.386666667,-0.5,-0.283783784,-0.012210451,0.004995994,0.00752956,0.036630635,-0.069004094
4/30/2013,0.017924162,0.002862516,0.111541131,0.015074428,0.033036002,-0.072068467,-0.039545769,-0.063326908,-0.027021649,0.033813093,-0.021661497,-0.079378347,-0.01493453,-0.351848913,-1.144927536,1.058823529,0.905660377,-0.069532812,0.005019167,0.00342627,-0.003197144,-0.019331331
5/31/2013,0.020550175,0.023511039,-0.00624708,0.053525909,0.023533693,-0.0195311,-0.0160711,-0.018753997,0.013082343,0.03051975,0.02150951,-0.062037504,0.019731625,-0.185847209,-6.25,-0.085714286,-0.158415842,-0.019341604,0.000193636,0.003424013,0.009270999,0.062992007
6/28/2013,-0.015112953,-0.057462894,-0.007082974,-0.047791602,-0.054564428,0.017477611,0.04870214,0.020044768,-0.000910214,-0.013326183,-0.000760283,-0.117083492,-0.002870683,0.031278195,1.79047619,-1,0.235294118,0.017631238,-0.000798937,0.005292612,0.011671084,-0.169233242
7/31/2013,0.048277758,0.063214132,-0.00065824,0.03902513,0.065671064,0.052809372,0.084081447,0.040734672,-0.022363468,-0.012790754,0.000304183,0.07087839,-0.020463931,-0.063575386,0.778156997,0,-0.085714286,0.054228661,-0.000845721,0.005516984,-0.002080494,-0.003468638
8/30/2013,-0.031798262,-0.031939213,-0.020657728,-0.02110326,-0.014864394,0.05693658,0.0246392,0.060798326,0.006233029,0.00306029,-0.019346527,0.051400815,0.007765771,-0.464652756,0.355086372,-0.409090909,-0.052083333,0.058588672,0.004448371,0.005746794,0.008558589,0.053659145
9/30/2013,0.029315544,0.007656647,0.0766727,0.058857953,0.051925565,-0.050734866,-0.050682339,-0.054719857,-0.022866544,0.000712722,-0.043085536,-0.048620304,-0.022994334,-0.686445608,-0.182719547,-0.615384615,-0.56043956,-0.049469345,-0.003873032,0.004919478,0.015077936,0.040289594
10/31/2013,0.043629978,0.040814691,-0.008884241,0.049875553,0.03706308,0.004327616,-0.059904174,0.010736588,-0.004201972,0.001118967,0.009183985,-0.004404164,-0.000324157,6.235621521,-0.031195841,0.6,0.95,0.004336994,0.001369137,0.010068912,-0.006646447,-0.014769983
11/29/2013,0.02766328,-0.012085037,0.089017619,0.040286978,-0.001088993,0.007779292,-0.038714512,0.002993174,-0.000543478,0.040643044,-0.020579192,-0.054037829,0.006029544,0.43,0.534883721,-4.125,-0.192307692,0.007809629,0.002830186,0.000676813,0.008387956,0.027105174
12/31/2013,0.023289515,0.014705116,0.039402741,0.015493947,0.00017227,0.010068569,0.059659836,0.008092691,-0.011069467,0.02763112,-0.011195375,-0.038920798,-0.008026674,-0.171597633,0.693473193,2.4,-0.015873016,0.010119427,-0.003642184,0.005234373,0.02495154,-0.045682376
1/31/2014,-0.036231397,-0.036000639,-0.088295931,-0.026056375,-0.030783589,-0.040521197,-0.009494227,-0.032867029,0.018786286,-0.031543488,0.007093983,0.031755178,0.01581727,-0.342207792,-0.293874742,-0.576470588,-0.080645161,-0.039711191,0.000291953,0.004419626,0.015243297,-0.056310766
2/28/2014,0.042213382,0.044941024,-0.004937568,0.040598125,0.056550091,0.024784301,0.050990653,0.013975604,-0.023055383,-0.002256562,-0.018248682,0.063724643,-0.020124653,0.274103323,0.443469786,0.833333333,-0.140350877,0.025093985,0.001258197,0.005877617,0.007306967,-0.010718089
3/31/2014,0.00690824,-0.031525417,-0.000892517,-0.014149246,-0.003768366,-0.012083346,-0.009893797,-0.017524258,0.002343374,0.013851177,0.004843433,-0.032510668,0.005119198,-0.211260331,0.278190412,-0.287878788,-0.224489796,-0.012010635,0.001406547,0.004903115,0.025237591,-0.015106859
4/30/2014,0.006181651,0.027158878,-0.035958912,0.004939689,0.021600387,0.002872633,-0.018279865,-0.00124982,-0.007185329,-0.009734332,-0.012743298,0.005855054,-0.00784593,-0.495415848,-0.015847861,-1.914893617,0.210526316,0.002876763,0.002188796,0.00525353,0.006976118,0.005742229
5/30/2014,0.020812198,0.009465344,0.022689973,0.03479644,0.007145616,0.012323128,0.029342683,0.018679663,0.017049774,-0.004411556,0.006894839,-0.032915519,0.011198606,0.771576898,-0.382179281,-0.906976744,-0.043478261,0.012399371,0.007102693,0.006183004,0.011468172,-0.00101967
6/30/2014,0.018878979,-0.014802547,0.035562012,-0.011144746,-0.021634833,0.026605709,0.025568482,0.024989645,-0.004098366,-0.004431104,-0.020486622,0.060234344,-0.007418358,-0.015750916,-0.797567333,6.75,-0.159090909,0.0269628,0.001604092,0.004735702,0.022822608,0.004007799
7/31/2014,-0.01519472,-0.002052836,0.029802546,-0.044246077,-0.040771689,-0.058080247,-0.070777296,-0.047041992,0.021800335,0.014402836,0.012916563,-0.034311588,0.020852825,-0.197990324,-0.515021459,-0.516129032,0.027027027,-0.056425774,0.003102465,0.005914551,-0.012761524,0.082045918
8/29/2014,0.03696367,0.013231326,-0.01263845,0.006641741,0.031275804,-0.027055806,-0.022769232,-0.035467149,0.019760606,0.012470557,0.01724325,0.004100583,0.015736848,-0.300696056,-1,2.533333333,0.078947368,-0.026693077,0.005007162,0.003175703,0.002717595,-0.005101812
9/30/2014,-0.015635458,-0.029316653,0.047412348,0.000436011,0.008002516,-0.086174789,-0.051315234,-0.059968521,0.03889236,0.052037565,0.023457157,-0.063852325,0.037802988,-0.232249502,0,0.716981132,-0.804878049,-0.08256614,0.000879613,0.00316565,0.003794299,0.047072132
10/31/2014,0.022936394,-0.011580189,0.01474467,-0.015683388,-0.042356432,-0.097679097,-0.123862249,-0.138748333,0.008552435,0.024058465,0.013526776,-0.029124848,0.011350807,-0.081244598,0.06,0.516483516,-4.625,-0.093060104,0.002575909,0.0046821,-0.00234466,0.023121182
11/28/2014,0.024237469,0.026551986,0.061783952,0.067768775,0.036438006,-0.202082256,-0.196829065,-0.173842297,0.005868781,0.054657465,0.021519818,-0.005186073,0.016420468,0.54374412,-0.135220126,-0.108695652,-0.586206897,-0.18297228,0.009180802,0.003322348,0.007782692,0.11315126
12/31/2014,-0.004197308,-0.023559434,-0.000520186,-0.017719705,-0.02711258,-0.20181176,-0.21655157,-0.281267311,0.028717153,0.008812109,0.004841112,0.014837004,0.021419993,0.196221816,0.912727273,0.333333333,-1.833333333,-0.182751247,0.012150812,0.005993766,0.016224366,0.229583844
1/30/2015,-0.031532822,0.027535086,0.012732925,0.086764207,0.074722142,-0.07872083,-0.099184769,-0.14836616,0.069508909,-0.018468291,0.033849621,0.080184227,0.049017501,-0.754966887,0.97338403,0.31097561,-0.9,-0.075702076,0.006463219,0.00581295,0.011602645,-0.028508984
2/27/2015,0.053438871,0.028807356,0.06163059,0.064046199,0.072706732,0.166342522,0.031022896,0.237186797,0.007644781,0.017883226,-0.024237144,-0.056522627,0.005144753,1.203742204,0.17822736,0.251162791,-5,0.180977543,0.002101896,0.009996983,0.011735949,0.039521472
3/31/2015,-0.017549145,-0.025310943,0.021526986,0.048324543,0.016456859,-0.12711455,-0.044378687,-0.107062943,0.042643607,0.004254793,0.040371345,-0.024657995,0.031647361,1.130188679,0.27473426,0.159851301,-2.25,-0.11936721,0.004051385,0.001849124,0.014176497,0.125652336
4/30/2015,0.008484666,0.027319961,0.016165818,-0.043711312,0.002549572,0.192072447,0.225326042,0.197514347,-0.044773772,-0.00617956,-0.035292458,0.000582758,-0.038946241,-0.839681134,0.18152662,0.176282051,-3.8,0.211758302,0.009739255,0.003688021,0.004261479,0.159108326
5/29/2015,0.010436785,0.003413398,0.052060546,-0.003547288,-0.007678283,-0.018437881,0.011173301,-0.028368384,0.020220665,0.039098278,0.003830542,0.005204398,0.02409428,-1.472375691,0.045602606,-0.100817439,-1.142857143,-0.018268943,0.00347787,0.002903783,0.020539513,0.018964734
6/30/2015,-0.021235662,-0.068658715,-0.016050785,-0.041944912,-0.044442504,-0.030509529,-0.01386012,-0.028175602,-0.012617766,-0.013298931,-0.0264988,-0.015345396,-0.014782589,-1.608187135,-0.065939772,-0.096969697,1,-0.03004881,0.000229226,0.00373063,0.01970547,-0.079026869
7/31/2015,0.019549693,0.026527477,0.01712446,0.032717995,0.059252745,-0.197182178,-0.232774444,-0.151800436,0.013826889,0.011363759,0.00516878,-0.067567047,0.019199743,53.09615385,0.15397443,0.046979866,-0.75,-0.178958956,0.006974423,0.004473423,0.014766666,-0.15867315
8/31/2015,-0.064624716,-0.069300339,-0.085916223,-0.097397778,-0.088323482,0.036483926,0.043196084,-0.071810991,-0.020308083,-0.021785221,0.017959919,0.034962295,-0.015655735,0.073409172,0.001926782,0.060897436,1,0.037157633,-0.000353659,0.004221778,0.002728369,-0.125500664
9/30/2015,-0.026798719,-0.030276368,-0.082869152,-0.060161011,-0.043409273,-0.112878187,-0.087233131,-0.075762016,0.003022334,-0.011198325,0.014169507,-0.017548053,0.005474219,-0.915217751,-0.047596154,0.135951662,-11.5,-0.106740536,-0.000561874,0.004377097,0.002146771,-0.049813251
10/30/2015,0.079719343,0.048224305,0.093014187,0.116138787,0.094665386,0.02430427,0.032725433,0.001834022,0.015416487,0.006153866,-0.019708834,0.024004023,0.006166728,10.32226563,0.346289753,-0.015957447,-1.047619048,0.024602026,0.0101289,0.001095403,0.000879653,0.098380751
11/30/2015,0.000504836,-0.000786338,0.034222255,0.047875384,0.012164213,-0.105226008,-0.112084557,-0.114667189,0.040971664,0.020351925,0.024538304,-0.070162393,0.03271462,1.677936864,0.284589426,0.172972973,-68,-0.099878935,0.006069356,0.008410161,0.009459091,0.009106477
12/31/2015,-0.017685672,-0.0180615,-0.036813764,-0.057798057,-0.066841208,-0.179501059,-0.117302959,-0.21910599,-0.027525165,-0.025005415,0.021448543,-0.003151179,-0.015483129,0.192604999,0.308523059,0.241935484,-0.492537313,-0.164312934,-0.00010322,0.004910013,0.013247229,0.045116807
1/29/2016,-0.052067641,-0.025724051,-0.082965569,-0.092065801,-0.048615284,-0.070565229,-0.096877282,-0.071577414,0.002602756,0.008955284,0.033901552,0.052085786,0.00983679,0.629955709,-0.166852554,-0.116883117,-0.117647059,-0.068133047,0.006230567,0.010528242,0.017120279,-0.236197427
2/29/2016,-0.0041369,0.002183751,-0.088986224,-0.031382039,-0.014473656,0.034793497,0.003859289,0.034439595,-0.003906679,-0.072306216,0.023232301,0.102401314,-0.014104178,0.043808198,0.123427041,0.256302521,1.966666667,0.035405872,0.00311405,0.005474678,0.005842523,-0.023567432
3/31/2016,0.063904985,0.01268108,0.044655911,0.048322661,0.007211705,0.096143861,0.12751332,0.130498254,-0.045490189,-0.001065436,-0.031385104,-0.004879736,-0.037608752,-0.331089876,0.011677788,-0.015050167,0.056179775,0.100917431,0.002471064,0.005810517,0.015033915,0.11187658
4/29/2016,0.002695733,0.010790333,-0.00554202,0.007344388,0.009961485,0.195076565,0.180407014,0.218179313,-0.006736339,-0.056087758,-0.01723806,0.047750102,-0.016028648,-0.030374941,0.136160188,0.049235993,0.968085106,0.21540404,0.009276855,0.006779955,-0.000683612,-0.019244999
5/31/2016,0.015213183,-0.001779891,0.033567323,0.022045341,0.017160713,0.031898022,0.066958283,0.05579136,0.029684477,0.039517,0.008873431,-0.061949455,0.029731305,0.543416544,0.02405142,-0.033980583,0.589189189,0.032412217,0.003624556,0.00581651,0.011342426,0.00404976
6/30/2016,0.000905663,0.042964978,-0.101214908,-0.058448662,-0.061356754,-0.000201268,-0.015806549,0.024503523,0.00133363,-0.070335639,0.084255955,0.084281371,0.002624537,-0.291545097,0.161166228,0.142378559,-0.047619048,-0.000201248,0.001891249,0.005408274,0.019509342,-0.004946653
7/29/2016,0.034990439,0.033279055,0.061823643,0.065706862,0.04664283,-0.157039981,-0.149952319,-0.171701684,-0.006127129,-0.011010001,0.006369448,0.021548043,-0.006396332,0.094408881,0.012728858,0.08797654,0.05,-0.145330113,0.008408419,0.004750122,0.000715548,0.015732058
8/31/2016,-0.001219919,0.008452627,0.019018007,0.02438608,-0.000358188,0.102435847,0.071873334,0.119349965,0.001451622,0.013139515,0.006723379,-0.031604491,0.005136998,0.249263743,-0.008953168,0.103773585,-0.142857143,0.107866227,-0.000999013,0.006419536,0.012938552,0.037930239
9/30/2016,-0.001235245,0.017224514,-0.026252031,-0.00773991,0.002259613,0.042045735,0.076215051,0.016264194,-0.007616524,-0.02041585,0.012274899,0.005166277,-0.005838594,-0.203719468,0.198054204,-0.025641026,0.321428571,0.042942177,0.000192834,0.004551501,0.003552756,-0.022644702
10/31/2016,-0.019616782,0.007924364,0.057591354,0.014544059,0.013620052,-0.015612478,-0.029024119,0.02653262,0.023666456,0.033862076,0.058477034,-0.02965837,0.030759279,0.212417763,0.073230858,0.067669173,-0.081081081,-0.015491235,0.002851309,0.004110089,0.002058603,0.025192696
11/30/2016,0.033603472,-0.024812727,0.049457236,-0.002319611,0.015203427,0.04394754,0.05359538,-0.022730759,0.036336271,0.087980824,-0.021405086,-0.084970799,0.030560782,0.543851319,0.06877449,-0.044600939,0.130718954,0.044927536,0.008630994,0.005867402,0.007178389,0.058705182
12/30/2016,0.018037103,0.051573114,0.043076068,0.076050042,0.060177147,0.118509276,0.083025559,0.173728192,0.006543559,0.021948518,0.013169528,-0.018043766,0.006970722,0.112319318,0.143109987,0.211302211,0.098265896,0.125817317,0.004858929,0.002734982,0.012747849,-0.066589237
