Date,SP500,UKX GBP,Nikkei JPY,DAX EUR,CAC 40 EUR,Brent,XAU COMPN CURNCY,DXY,USGB090Y,GBTF3MO,GETB1 Index,GJGB3M,shsz300,CPURNSA,ECCPEMUY,CNCPIYOY,ECMSM3,UKMSM41,FED M2,CNMSM2
2/29/2008,-0.034761162,0.000765332,0.000776165,-0.015123144,-0.016249161,0.085565557,0.052030799,-0.019473782,-0.044216424,0,-0.011111111,0.017953321,0.011719765,0.002904112,0.03125,0.225352113,0.002302829,-0.059701493,0.011128351,0.007704536
3/31/2008,-0.005959583,-0.030963751,-0.079208882,-0.03158801,-0.017448535,0.001998002,-0.058809037,-0.025938085,-0.25005551,-0.001662035,-0.115233865,0.037037037,-0.189113391,0.008668213,0.090909091,-0.045977011,0.008078744,-0.03968254,0.008307318,0.004789593
4/30/2008,0.047546685,0.067554059,0.105739952,0.063328523,0.061496855,0.110269192,-0.042895472,0.009846522,-0.012997683,0.021200219,0.06497342,0.037414966,0.04447663,0.006064778,-0.083333333,0.024096386,0.01071928,-0.066115702,0.005995487,0.014795257
5/30/2008,0.010674153,-0.005552544,0.035274394,0.021294263,0.003550457,0.147449713,0.010198849,0.005102815,0.398327646,0.014162718,0.089295618,0.001639344,-0.087845279,0.008420886,0.121212121,-0.094117647,0.00984447,-0.061946903,0.001238899,0.016090565
6/30/2008,-0.085962382,-0.070636822,-0.059780145,-0.095602378,-0.115555972,0.094302708,0.043880429,-0.005708091,-0.050101899,0.053297835,0.062627291,-0.029459902,-0.226927475,0.010076997,0.081081081,-0.077922078,0.001807171,0.056603774,0.002123059,0.015862121
7/31/2008,-0.009859375,-0.038038358,-0.007756624,0.009541438,-0.009580933,-0.113351927,-0.012243354,0.010543312,-0.075537212,0.031428844,0.008145664,0.003372681,0.004796154,0.005251011,0.025,-0.112676056,0.003512305,-0.044642857,0.005848789,0.007269018
8/29/2008,0.012190503,0.041519614,-0.022721411,-0.00883702,0.020544764,-0.080093563,-0.090715153,0.05672771,0.011500009,-0.002080732,0.015446768,-0.011764706,-0.147429248,-0.003991562,-0.073170732,-0.222222222,0.002656215,-0.056074766,0.001783199,0.005566108
9/30/2008,-0.090791453,-0.130246957,-0.138684925,-0.092066705,-0.10049971,-0.139237177,0.04788546,0.026711984,-0.520039608,-0.301037902,-0.432014978,-0.005102041,-0.061873861,-0.001383019,-0.052631579,-0.06122449,0.007209771,0.079207921,0.00884853,0.009027581
10/31/2008,-0.169424534,-0.10711175,-0.238269392,-0.144580194,-0.135172739,-0.334623612,-0.168092313,0.077849663,-0.450460424,-0.162446139,-0.203131438,-0.287179487,-0.258506191,-0.010101333,-0.111111111,-0.130434783,0.013858443,0.302752294,0.013846803,0.000517997
11/28/2008,-0.074849032,-0.020407371,-0.007544614,-0.063859646,-0.064349153,-0.181108389,0.129045615,0.010323123,-0.876270488,-0.154497606,-0.193381593,0.230215827,0.099936285,-0.019152895,-0.34375,-0.4,0.004406547,0.063380282,0.007465698,0.012162867
12/31/2008,0.007821566,0.034085741,0.040798753,0.030144942,-0.013703459,-0.147691157,0.078234827,-0.06020782,-0.434227567,-0.224245261,-0.448717949,-0.586744639,-0.006666958,-0.010342474,-0.238095238,-0.5,0.006013591,0.026490066,0.022256159,0.03602331
1/30/2009,-0.085657348,-0.064167589,-0.09769221,-0.098093634,-0.075839737,0.006361044,0.051924494,0.0576942,5.877043819,-0.322312055,0.280232558,0.41509434,0.118258038,0.004352417,-0.3125,-0.166666667,-0.002522661,0.058064516,0.009734773,0.044129154
2/27/2009,-0.109931225,-0.07700668,-0.05324335,-0.114008782,-0.091273471,0.010244115,0.015627526,0.023360737,0.117641465,-0.201923077,-0.309718438,-0.056666667,0.053038353,0.004972933,0.090909091,-2.6,0.001530637,0.073170732,0.003347037,0.021310316
3/31/2009,0.085404508,0.02507774,0.071495768,0.062704553,0.038801397,0.062135922,-0.024619303,-0.029292792,-0.143550034,-0.240963855,-0.376315789,-0.113074205,0.171596223,0.002431748,-0.5,-0.25,-0.000811948,-0.028409091,0.007421105,0.047203903
4/30/2009,0.093925076,0.080886061,0.088627824,0.167620619,0.125567263,0.031891123,-0.033672415,-0.00955168,-0.518430204,0.099794239,0.375527426,-0.15936255,0.045912935,0.002496368,0,0.25,0.008866823,-0.046783626,0.000635865,0.018571436
5/29/2009,0.053081427,0.041056057,0.078638373,0.035930768,0.037280251,0.28976378,0.102398109,-0.062235564,0.474314009,-0.072163571,0.122699387,-0.09478673,0.052147789,0.002888764,-1,-0.066666667,-0.002873081,-0.030674847,0.006618388,0.014398836
6/30/2009,0.000195835,-0.038192008,0.045779995,-0.026752644,-0.04186231,0.057692308,-0.053668999,0.009893129,0.183529247,-0.218349417,-0.224043716,-0.141361257,0.147392298,0.008589892,0,0.214285714,-0.000569593,-0.14556962,0.001012435,0.037669296
7/31/2009,0.074141757,0.084521593,0.040005262,0.10886654,0.091015909,0.034632035,0.029570473,-0.022287946,0.013065327,-0.292979547,-0.51056338,0.030487805,0.179426933,-0.001585587,6,0.058823529,-0.003871212,0.014814815,0.000464059,0.00735908
8/31/2009,0.033560173,0.065216259,0.013102465,0.024843684,0.066331608,-0.028591353,-0.0028826,-0.002233653,-0.233660131,-0.108418035,-0.075539568,-0.059171598,-0.242153151,0.00224285,-0.714285714,-0.333333333,-0.004340778,-0.138686131,-8.3254E-05,0.006274789
9/30/2009,0.035723384,0.045835116,-0.034243409,0.03852974,0.038830833,-0.008327351,0.05934297,-0.01943151,-0.373515078,0.053200818,0.175097276,-0.044025157,0.061665495,0.000625481,0.5,-0.333333333,-0.000188593,-0.008474576,-0.000261677,0.015096784
10/30/2009,-0.019761986,-0.017403923,-0.009719507,-0.045848928,-0.049459742,0.088750543,0.037411928,-0.004605169,-0.320043758,0.101026922,0.046357616,0.085526316,0.091709931,0.000963101,-0.666666667,-0.375,-0.001718022,-0.025641026,0.003355106,0.002114774
11/30/2009,0.057363997,0.028967896,-0.068680404,0.038964277,0.020084874,0.043484043,0.128371915,-0.018623853,-0.19628173,-0.018905974,0.21835443,0.018181818,0.070510339,0.000707753,-6,-2.2,-0.002254619,-0.149122807,0.004849822,0.013572813
12/31/2009,0.017770598,0.042807493,0.12849859,0.058919827,0.069611293,-0.006881611,-0.070066124,0.039810895,0.285587189,-0.067831449,-0.27012987,-0.172619048,0.018227795,-0.001761198,0.8,2.166666667,0.004415048,-0.278350515,-0.000377617,0.026267491
1/29/2010,-0.036974262,-0.041449284,-0.033034844,-0.058521879,-0.050013591,-0.083023226,-0.014677059,0.020575392,0.110726644,-0.218853363,-0.099644128,-0.09352518,-0.103901915,0.003417474,0,-0.210526316,-0.005977778,-0.2,-0.004710188,0.025211705
2/26/2010,0.028513693,0.031993709,-0.007061161,-0.001841752,-0.008199045,0.085782256,0.034001018,0.011326168,0.775389408,-0.002117149,-0.118577075,0.079365079,0.024190427,0.000249207,0,0.8,-0.002440768,-0.232142857,0.005479712,0.016724496
3/31/2010,0.058796368,0.060718795,0.095191304,0.099150481,0.071508305,0.065859002,-0.003892269,0.008847465,0.278118968,0.097595474,0.161434978,-0.007352941,0.019483982,0.004106284,0.777777778,-0.111111111,0.001051443,-0.209302326,-0.000743161,0.021813872
4/30/2010,0.014759327,-0.022246128,-0.002934191,-0.002900765,-0.039511727,0.057315599,0.059240961,0.009781308,0.079695222,-0.146585052,-0.297297297,0.022222222,-0.08316869,0.001736885,0,0.166666667,0.009309706,-0.058823529,0.003683154,0.010175745
5/31/2010,-0.081975916,-0.065701593,-0.116546385,-0.027929984,-0.081066495,-0.146271729,0.031377205,0.057679623,-0.040307712,-0.235560589,-0.120879121,-0.079710145,-0.095880497,0.000775197,0.0625,0.107142857,0.002895248,-0.28125,0.006163111,0.010342067
6/30/2010,-0.053882377,-0.052339532,-0.0395201,0.000199519,-0.018437318,0.004822505,0.021419174,-0.006571349,0.043789334,0.48691358,-0.03125,0.023622047,-0.075791668,-0.000976267,-0.117647059,-0.064516129,-0.01809411,0.304347826,0.002115821,0.015934692
7/30/2010,0.068777833,0.069383571,0.016483634,0.03058409,0.058163345,0.042261032,-0.049305695,-0.052081517,-0.078002031,0.458651611,0.432258065,-0.038461538,0.119302243,0.000211043,0.133333333,0.137931034,-0.001485438,-0.233333333,0.001119834,0.000192604
8/31/2010,-0.047449165,-0.00623809,-0.074784268,-0.036231472,-0.041818322,-0.045280123,0.056265876,0.020395148,-0.093962966,-0.125,-0.045045045,-0.056,0.011969953,0.001380664,-0.058823529,0.060606061,0.00095718,-0.217391304,0.005884204,0.019961976
9/30/2010,0.087551104,0.061892131,0.061795817,0.051272358,0.064280578,0.102759914,0.048819592,-0.053868897,-0.001291597,0.31459797,0.716981132,0.016949153,0.011153249,0.000581736,0.1875,0.028571429,-0.000386419,-0.444444444,0.003451951,0.013039287
10/29/2010,0.036855941,0.022805671,-0.017813402,0.059776658,0.031847717,0.010205321,0.039018611,-0.018470528,-0.086268543,0.312747427,0.508241758,0,0.151387976,0.001245199,0,0.222222222,0.001003779,-1.7,0.005818115,0.004745636
11/30/2010,-0.002290283,-0.025882971,0.079825481,0.013197261,-0.058187035,0.033313289,0.019589525,0.050850309,0.240196487,-0.146562123,-0.245901639,0.1,-0.071890958,0.000420646,0,0.159090909,0.001377935,0.714285714,0.00332836,0.015093815
12/31/2010,0.065300072,0.067230797,0.029372932,0.033744537,0.053827234,0.102770019,0.025071607,-0.026688836,-0.2058942,-0.300353357,-0.246376812,0.045454545,-0.002782922,0.001718441,0.157894737,-0.098039216,0.005467586,0.25,0.003797758,0.021838587
1/31/2011,0.02264559,-0.00627125,0.000879858,0.023616649,0.052754693,0.066068602,-0.061923732,-0.01636129,0.208048018,0.693939394,0.567307692,-0.115942029,-0.016542743,0.00476323,0.045454545,0.065217391,-0.001242708,0.2,0.004034096,0.011066997
2/28/2011,0.031956583,0.022355678,0.037719576,0.027529573,0.026176507,0.106821107,0.059033613,-0.010883129,-0.10209937,0.031305903,-0.104294479,0.049180328,0.052998365,0.004931365,0.043478261,0,-0.001132322,-0.111111111,0.004710235,0.003060562
3/31/2011,-0.001047302,-0.014222532,-0.0817943,-0.031765654,-0.029479241,0.049731664,0.014750475,-0.013421946,-0.306367391,0.158716392,0.710045662,-0.03125,-0.005022287,0.009751072,0.125,0.102040816,0.003247139,-0.1875,0.004914088,0.029885989
4/29/2011,0.028495358,0.027271373,0.009701592,0.067196303,0.029514838,0.072682345,0.091740557,-0.038546212,-0.57741573,0.239271457,0.078771696,0.008064516,-0.009484099,0.00643943,0.037037037,-0.018518519,0.00671734,-0.230769231,0.007048428,-0.000984395
5/31/2011,-0.013500928,-0.013164962,-0.015838997,-0.029379357,-0.024344277,-0.072761935,-0.017842297,0.023377621,0.057697421,-0.053553453,0.044554455,-0.064,-0.059873713,0.004704188,-0.035714286,0.037735849,5.18554E-05,-0.7,0.005614905,0.007954479
6/30/2011,-0.018257508,-0.007392333,0.012622592,0.011318002,-0.006171792,-0.036408807,-0.023082433,-0.00448833,-0.343891403,0.258774729,0.157582938,-0.170940171,0.014169299,-0.001070967,0,0.163636364,0.001319954,1,0.009335524,0.02280782
7/29/2011,-0.021474437,-0.021951962,0.001725738,-0.029482501,-0.07807976,0.0378734,0.085000167,-0.005464113,2.452873563,-0.229066329,-0.376663255,0.103092784,-0.023655674,0.000886046,-0.037037037,0.015625,0.000155459,0.833333333,0.020730916,-0.010113971
8/31/2011,-0.056791098,-0.072338135,-0.089273601,-0.191921238,-0.112908849,-0.016189824,0.121538443,0.002977117,-0.965157568,-0.283428321,-0.195402299,0.009345794,-0.042159027,0.002757589,-0.038461538,-0.046153846,0.004283184,-0.272727273,0.022992716,0.010257934
9/30/2011,-0.071762013,-0.049318476,-0.028465026,-0.048891501,-0.084378339,-0.105267741,-0.110503744,0.059851316,3.385350318,-0.414040991,-0.767346939,0.018518519,-0.093238677,0.001518462,0.2,-0.016129032,0.002099164,1,0.002527753,0.008393265
10/31/2011,0.107723038,0.081064955,0.033113839,0.116197324,0.087486083,0.066173608,0.055955123,-0.030387127,-0.431372549,0.285304098,0.236842105,-0.036363636,0.044147442,-0.002062683,0,-0.098360656,-0.003068677,0.6875,0.003456391,0.037366991
11/30/2011,-0.005058645,-0.006998279,-0.061610589,-0.008548623,-0.027204549,0.008762322,0.018386448,0.029120605,-0.37037037,-0.457351747,-1.936170213,0.113207547,-0.064478669,-0.000843561,0,-0.236363636,0.001210352,-0.074074074,0.00475318,0.010607726
12/30/2011,0.008532752,0.012144396,0.002458916,-0.031285105,0.001645206,-0.028411147,-0.104604954,0.022887324,1.332657201,-1.230538922,0.340909091,-0.093220339,-0.06971192,-0.002466516,-0.066666667,-0.023809524,0.009176636,0,0.004095072,0.031613801
1/31/2012,0.043583015,0.019620335,0.041058028,0.095036748,0.043907703,0.033525796,0.11121059,-0.011100302,3.445217391,-3.407467532,-0.796610169,-0.009345794,0.050525634,0.004400191,-0.035714286,0.097560976,-0.004172187,-0.04,0.008094477,0.005058767
2/29/2012,0.04058945,0.033423625,0.104598575,0.0614918,0.046656864,0.105244188,-0.023451888,-0.006949349,0.394757433,-0.494268375,-2,0.028301887,0.068937531,0.004402974,0,-0.288888889,0.001081592,0.666666667,0.003664738,0.013170364
3/30/2012,0.031332377,-0.017552555,0.037057606,0.013236427,-0.008295558,0.001793576,-0.016795828,0.003391036,-0.027629734,-0.1,-1.694444444,-0.036697248,-0.068044979,0.007594559,0,0.125,0.010552589,0.175,0.004953948,0.032743354
4/30/2012,-0.007497497,-0.005316853,-0.055800729,-0.02672298,-0.061630172,-0.027750651,-0.002157821,-0.00288593,0.319919227,-0.306666667,-1,0,0.069762516,0.00302103,-0.037037037,-0.055555556,0.000263069,-0.106382979,0.005480654,-0.006656688
5/31/2012,-0.062650671,-0.072662249,-0.102738294,-0.073479669,-0.060940613,-0.147317318,-0.062664064,0.054166244,-0.261173642,0.769230769,0,0.019047619,0.002239011,-0.001173479,-0.076923077,-0.117647059,0.003963003,0.023809524,0.003085731,0.011740954
6/29/2012,0.039554921,0.047039388,0.054321043,0.02424821,0.059542395,-0.039952881,0.023692187,-0.017051407,0.156189913,-0.493961353,-0.16,-0.028037383,-0.064752055,-0.001466397,0,-0.266666667,0.003802851,0.255813953,0.007134039,0.027712275
7/31/2012,0.012597639,0.011511088,-0.034609483,0.055480746,0.02972174,0.072801636,0.010579692,0.012348855,0.18638864,-1,7.095238095,-0.009615385,-0.052278793,-0.001629786,0,-0.181818182,0.003008014,-0.092592593,0.007535644,-0.006398764
8/31/2012,0.019763362,0.013521955,0.016658884,0.029315177,0.036884125,0.091974838,0.048138512,-0.017268712,-0.068039681,#DIV/0!,-0.329411765,0.009708738,-0.054888294,0.005565158,0.083333333,0.111111111,-0.002533911,-0.142857143,0.007249918,0.006334865
9/28/2012,0.02423609,0.00535588,0.003421981,0.035198306,-0.017066746,-0.019027669,0.047334236,-0.015675795,-0.120212889,#DIV/0!,-0.631578947,0.019230769,0.0400205,0.004462212,0,-0.05,0.001293709,-0.095238095,0.008187795,0.020320369
10/31/2012,-0.019789404,0.007075845,0.006553433,0.006163952,0.022191951,-0.032832103,-0.02903335,-0.000200163,0.337848501,#DIV/0!,0.833333333,-0.028301887,-0.016697847,-0.000388925,-0.038461538,-0.105263158,0.005626595,-0.157894737,0.006029598,-0.007719176
11/30/2012,0.002846703,0.014546838,0.057986468,0.019952814,0.037328644,0.023275069,-0.003399878,0.002927965,-0.28467512,#DIV/0!,-0.311688312,0.029126214,-0.051072813,-0.004738087,-0.12,0.176470588,0.000479561,-0.09375,0.005827517,0.009000493
12/31/2012,0.007068311,0.005282248,0.100483696,0.027937344,0.023554514,-0.001078846,-0.023005598,-0.004790838,-0.203655352,-0.484,-0.018867925,0.037735849,0.179135937,-0.002693064,0,0.25,0.004972519,-0.689655172,0.012082452,0.031028148
1/31/2013,0.050428064,0.06427301,0.071521609,0.021499161,0.025138215,0.0399604,-0.006983615,-0.007045343,0.128904228,-2.744186047,-1.884615385,-0.018181818,0.064975525,0.002957304,-0.090909091,-0.2,-0.006177834,-0.222222222,0.002358875,0.018457652
2/28/2013,0.011060603,0.013371293,0.037769355,-0.00441741,-0.002571934,-0.036088273,-0.050533466,0.034618152,0.58896362,0,-1.739130435,-0.314814815,-0.005043024,0.00819003,-0.05,0.6,0.000723477,-1.857142857,-0.00133929,0.006522839
3/29/2013,0.035987799,0.008006842,0.072542944,0.006924836,0.002261617,-0.012210451,0.012136137,0.012532185,-0.393843194,-0.386666667,-0.5,-0.283783784,-0.06667714,0.002614509,-0.105263158,-0.34375,0.005008495,-0.5,0.007557978,0.037309804
4/30/2013,0.018085764,0.002866617,0.117999727,0.01518862,0.033587749,-0.069532812,-0.076309617,-0.014823563,-0.351848913,-1.144927536,1.058823529,0.905660377,-0.019145679,-0.001039639,-0.294117647,0.142857143,0.005031784,-1.333333333,0.003432146,-0.003192039
5/31/2013,0.020762783,0.023789603,-0.006227608,0.054984325,0.023812796,-0.019341604,-0.060152362,0.019927581,-0.185847209,-6.25,-0.085714286,-0.158415842,0.065018326,0.001780408,0.166666667,-0.125,0.000193654,-1,0.003429882,0.009314108
6/28/2013,-0.014999325,-0.055843077,-0.007057949,-0.046667561,-0.0531025,0.017631238,-0.110489077,-0.002866567,0.031278195,1.79047619,-1,0.235294118,-0.155688048,0.002399708,0.142857143,0.285714286,-0.000798618,0,0.005306643,0.011739457
7/31/2013,0.049462111,0.06525492,-0.000658024,0.039796613,0.067875397,0.054228661,0.073450675,-0.020255966,-0.063575386,0.778156997,0,-0.085714286,-0.003462629,0.000393998,0,0,-0.000845364,0.2,0.005532231,-0.002078331
8/30/2013,-0.031298013,-0.031434544,-0.020445819,-0.020882144,-0.014754464,0.058588672,0.052744765,0.007796003,-0.464652756,0.355086372,-0.409090909,-0.052083333,0.055124896,0.001202932,-0.1875,-0.037037037,0.004458279,0.222222222,0.005763339,0.008595319
9/30/2013,0.029749475,0.007686034,0.079688637,0.060624572,0.053297337,-0.049469345,-0.047457263,-0.022731979,-0.686445608,-0.182719547,-0.615384615,-0.56043956,0.04111223,0.001163004,-0.153846154,0.192307692,-0.003865541,0.181818182,0.004931598,0.015192182
10/31/2013,0.04459576,0.041659058,-0.008844893,0.051140277,0.037758481,0.004336994,-0.00439448,-0.000324105,6.235621521,-0.031195841,0.6,0.95,-0.014661442,-0.002575283,-0.363636364,0.032258065,0.001370075,-0.076923077,0.010119774,-0.006624409
11/29/2013,0.028049461,-0.012012306,0.093099915,0.041109507,-0.0010884,0.007809629,-0.052603734,0.006047759,0.43,0.534883721,-4.125,-0.192307692,0.027475861,-0.002042424,0.285714286,-0.0625,0.002834195,0.25,0.000677042,0.008423234
12/31/2013,0.023562833,0.014813768,0.040189326,0.0156146,0.000172285,0.010119427,-0.038173115,-0.007994546,-0.171597633,0.693473193,2.4,-0.015873016,-0.044654645,-8.58115E-05,-0.111111111,-0.166666667,-0.003635559,-0.933333333,0.005248096,0.025265435
1/31/2014,-0.035582895,-0.035360323,-0.084510085,-0.025719837,-0.030314599,-0.039711191,0.032264753,0.015943025,-0.342207792,-0.293874742,-0.576470588,-0.080645161,-0.05475466,0.003720248,0,0,0.000291995,-0.5,0.004429407,0.015360069
2/28/2014,0.043117038,0.045966171,-0.004925398,0.041433496,0.058179618,0.025093985,0.065798883,-0.019923504,0.274103323,0.443469786,0.833333333,-0.140350877,-0.010660855,0.003697909,-0.125,-0.2,0.001258989,10,0.005894924,0.007333728
3/31/2014,0.006932157,-0.031033673,-0.000892119,-0.014049616,-0.003761275,-0.012010635,-0.031987877,0.005132324,-0.211260331,0.278190412,-0.287878788,-0.224489796,-0.014993323,0.006440044,-0.285714286,0.2,0.001407537,-1.090909091,0.004915155,0.025558755
4/30/2014,0.006200797,0.027531042,-0.03532007,0.004951909,0.021835364,0.002876763,0.005872228,-0.007815231,-0.495415848,-0.015847861,-1.914893617,0.210526316,0.005758748,0.003296754,0.4,-0.25,0.002191193,5,0.005267354,0.007000507
5/30/2014,0.021030282,0.009510282,0.022949348,0.03540892,0.007171206,0.012399371,-0.032379699,0.011261545,0.771576898,-0.382179281,-0.906976744,-0.043478261,-0.001019151,0.00349261,-0.285714286,0.388888889,0.007127977,0.333333333,0.006202158,0.011534183
6/30/2014,0.019058313,-0.014693528,0.036201903,-0.011082873,-0.021402479,0.0269628,0.06208541,-0.007390909,-0.015750916,-0.797567333,6.75,-0.159090909,0.004015841,0.001862127,0,-0.08,0.001605379,-0.375,0.004746934,0.023085036
7/31/2014,-0.015079863,-0.00205073,0.030251087,-0.043281498,-0.039951705,-0.056425774,-0.033729621,0.021071764,-0.197990324,-0.515021459,-0.516129032,0.027027027,0.085505653,-0.000390194,-0.2,0,0.003107283,1.2,0.005932076,-0.012680441
8/29/2014,0.037655322,0.013319247,-0.01255892,0.006663846,0.031770031,-0.026693077,0.004109002,0.015861324,-0.300696056,-1,2.533333333,0.078947368,-0.00508882,-0.001670514,0,-0.130434783,0.005019719,0.272727273,0.003180751,0.002721291
9/30/2014,-0.015513859,-0.028891088,0.048554289,0.000436106,0.008034622,-0.08256614,-0.061856471,0.038526611,-0.232249502,#DIV/0!,0.716981132,-0.804878049,0.048197614,0.000752569,-0.25,-0.2,0.00088,0.857142857,0.003170666,0.003801506
10/31/2014,0.023201456,-0.011513396,0.014853909,-0.015561044,-0.041471931,-0.093060104,-0.028704807,0.011415472,-0.081244598,0.06,0.516483516,-4.625,0.023390548,-0.002512278,0.333333333,0,0.00257923,0,0.004693078,-0.002341913
11/28/2014,0.024533584,0.026907631,0.063732502,0.070117842,0.037110007,-0.18297228,-0.005172649,0.016556025,0.54374412,-0.135220126,-0.108695652,-0.586206897,0.119801301,-0.005399418,-0.25,-0.125,0.009223075,0.076923077,0.003327874,0.007813056
12/31/2014,-0.004188512,-0.023284077,-0.00052005,-0.017563634,-0.026748334,-0.182751247,0.014947619,0.021651048,0.196221816,0.912727273,0.333333333,-1.833333333,0.258076345,-0.005670101,-1.666666667,0.071428571,0.012224933,-0.607142857,0.006011764,0.016356695
1/30/2015,-0.031040847,0.02791768,0.012814334,0.090639485,0.077584694,-0.075702076,0.083486657,0.050238731,-0.754966887,0.97338403,0.31097561,-0.9,-0.028106438,-0.004705892,2,-0.466666667,0.00648415,0.818181818,0.005829877,0.011670217
2/27/2015,0.054892506,0.029226302,0.063569379,0.066141653,0.075415106,0.180977543,-0.054954899,0.00515801,1.203742204,0.17822736,0.251162791,-5,0.040312836,0.004343045,-0.5,0.75,0.002104107,0.5,0.01004712,0.011805085
3/31/2015,-0.017396056,-0.024993306,0.021760363,0.049511212,0.016593019,-0.11936721,-0.02435647,0.032153464,1.130188679,0.27473426,0.159851301,-2.25,0.133887888,0.005951722,-0.666666667,0,0.004059603,-0.8,0.001850835,0.01427746
4/30/2015,0.008520763,0.027696573,0.016297192,-0.042769742,0.002552825,0.211758302,0.000582928,-0.038197586,-0.839681134,0.18152662,0.176282051,-3.8,0.172464949,0.002032873,-1,0.071428571,0.009786836,-1,0.003694831,0.004270572
5/29/2015,0.010491439,0.003419231,0.053439522,-0.003541004,-0.007648881,-0.018268943,0.005217964,0.024386892,-1.472375691,0.045602606,-0.100817439,-1.142857143,0.019145707,0.005097232,0,-0.2,0.003483925,0,0.002908003,0.0207519
6/30/2015,-0.021011773,-0.066354735,-0.015922658,-0.041077396,-0.043469405,-0.03004881,-0.015228256,-0.014673863,-1.608187135,-0.065939772,-0.096969697,1,-0.075984903,0.00350287,-0.333333333,0.166666667,0.000229252,-1.5,0.003737597,0.019900904
7/31/2015,0.01974204,0.026882462,0.017271924,0.033259114,0.06104338,-0.178958956,-0.065334948,0.019385244,53.09615385,0.15397443,0.046979866,-0.75,-0.146724793,6.70472E-05,0,0.142857143,0.006998801,-3,0.004483444,0.014876232
8/31/2015,-0.062580805,-0.066953592,-0.082328892,-0.092804928,-0.084535308,0.037157633,0.035580661,-0.015533821,0.073409172,0.001926782,0.060897436,1,-0.117944821,-0.001416276,-0.5,0.25,-0.000353596,-1.333333333,0.004230702,0.002732094
9/30/2015,-0.02644282,-0.02982263,-0.079528419,-0.058387089,-0.042480577,-0.106740536,-0.017394982,0.00548923,-0.915217751,-0.047596154,0.135951662,-11.5,-0.048592917,-0.001556757,-2,-0.2,-0.000561716,2,0.004386691,0.002149077
10/30/2015,0.082983078,0.049406016,0.097477305,0.123151741,0.099290955,0.024602026,0.024294439,0.006185781,10.32226563,0.346289753,-0.015957447,-1.047619048,0.103382819,-0.000449684,-2,-0.1875,0.010180371,-1.333333333,0.001096003,0.00088004
11/30/2015,0.000504963,-0.000786029,0.034814574,0.04903992,0.012238498,-0.099878935,-0.067757582,0.033255627,1.677936864,0.284589426,0.172972973,-68,0.009148067,-0.00211068,0,0.153846154,0.006087812,2,0.008445626,0.009503969
12/31/2015,-0.017530198,-0.017899369,-0.036144377,-0.05615947,-0.064656285,-0.164312934,-0.003146219,-0.015363881,0.192604999,0.308523059,0.241935484,-0.492537313,0.04615005,-0.003417096,1,0.066666667,-0.000103215,-0.5,0.004922087,0.013335363
1/29/2016,-0.050735344,-0.025396007,-0.079617163,-0.087954866,-0.047452481,-0.068133047,0.053466111,0.00988533,0.629955709,-0.166852554,-0.116883117,-0.117647059,-0.210375235,0.001653102,0.5,0.125,0.006250017,2.333333333,0.010583859,0.017267671
2/29/2016,-0.004128355,0.002186137,-0.085141823,-0.030894734,-0.014369416,0.035405872,0.107827969,-0.01400518,0.043808198,0.123427041,0.256302521,1.966666667,-0.023291889,0.000823077,-1.666666667,0.277777778,0.003118903,1.2,0.005489692,0.005859624
3/31/2016,0.065991109,0.012761826,0.045667995,0.049509236,0.007237771,0.100917431,-0.00486785,-0.036910326,-0.331089876,0.011677788,-0.015050167,0.056179775,0.118374822,0.004306,-1,0,0.00247412,-0.318181818,0.005827431,0.015147493
4/29/2016,0.00269937,0.010848759,-0.005526692,0.007371424,0.010011266,0.21540404,0.048908502,-0.015900873,-0.030374941,0.136160188,0.049235993,0.968085106,-0.019060996,0.004741068,0,0,0.009320018,-0.333333333,0.006802991,-0.000683378
5/31/2016,0.015329492,-0.001778308,0.034137063,0.022290135,0.017308804,0.032412217,-0.060069606,0.030177693,0.543416544,0.02405142,-0.033980583,0.589189189,0.004057971,0.004045791,-0.5,-0.130434783,0.003631132,0.8,0.005833458,0.011406995
6/30/2016,0.000906074,0.043901335,-0.096261208,-0.056773337,-0.059512342,-0.000201248,0.087934964,0.002627984,-0.291545097,0.161166228,0.142378559,-0.047619048,-0.004934439,0.003284366,-2,-0.05,0.001893038,1,0.005422925,0.019700892
7/29/2016,0.035609807,0.033838996,0.063774724,0.067913625,0.047747718,-0.145330113,0.021781879,-0.006375919,0.094408881,0.012728858,0.08797654,0.05,0.015856458,-0.001618136,1,-0.052631579,0.008443869,0.083333333,0.004761422,0.000715804
8/31/2016,-0.001219176,0.008488452,0.019200001,0.024685852,-0.000358123,0.107866227,-0.031110289,0.005150215,0.249263743,-0.008953168,0.103773585,-0.142857143,0.038658772,0.00091843,0,-0.277777778,-0.000998514,0.41025641,0.006440186,0.013022618
9/30/2016,-0.001234483,0.017373712,-0.025910442,-0.007710034,0.002262168,0.042942177,0.005179645,-0.005821583,-0.203719468,0.198054204,-0.025641026,0.321428571,-0.022390235,0.002403996,1,0.461538462,0.000192852,0.127272727,0.004561875,0.003559074
10/31/2016,-0.019425625,0.007955845,0.059282036,0.014650338,0.013713227,-0.015491235,-0.029222877,0.031237233,0.212417763,0.073230858,0.067669173,-0.081081081,0.025512713,0.001246749,0.25,0.105263158,0.002855377,0.080645161,0.004118547,0.002060724
11/30/2016,0.034174447,-0.024507421,0.050700659,-0.002316922,0.015319587,0.044927536,-0.081460894,0.031032556,0.543851319,0.06877449,-0.044600939,0.130718954,0.060462551,-0.001555461,0.2,0.095238095,0.008668348,-0.029850746,0.005884649,0.007204216
12/30/2016,0.018200754,0.052926167,0.044017308,0.079016569,0.062024664,0.125817317,-0.017881952,0.006995074,0.112319318,0.143109987,0.211302211,0.098265896,-0.064420577,0.000327321,0.833333333,-0.086956522,0.004870753,-0.030769231,0.002738726,0.012829449
