Date,spx,ukx,dax,shsz300,xau,eur,m2,usbgb090d,eur,dxy,gbp,jpy,cny
2006-01-06,7.158864,8.653785,8.619085,6.877327,6.291477,0.194826,8.807607,1.410506,0.194826,4.487625,0.571318,4.740051,2.087757
2006-01-13,7.160543,8.650149,8.609424,6.886338,6.323193,0.194085,8.810117,1.440295,0.194085,4.4874,0.574927,4.737776,2.087943
2006-01-20,7.140049,8.643368,8.584669,6.901073,6.318067,0.193509,8.811667,1.445511,0.193509,4.488299,0.571431,4.747451,2.086926
2006-01-27,7.157517,8.663335,8.638954,6.917309,6.327044,0.190124,8.813483,1.461483,0.190124,4.492225,0.56951,4.76499,2.087112
2006-02-03,7.14206,8.658571,8.64067,6.928508,6.343705,0.18432,8.811995,1.466175,0.18432,4.498587,0.567017,4.778703,2.087112
2006-02-10,7.144399,8.659404,8.648479,6.939583,6.311735,0.174289,8.812159,1.483491,0.174289,4.505902,0.556353,4.769497,2.085734
2006-02-17,7.160256,8.673547,8.664834,6.927921,6.313729,0.177309,8.813186,1.485879,0.177309,4.506896,0.555091,4.771193,2.085461
2006-02-24,7.161956,8.67599,8.677744,6.956012,6.326239,0.171934,8.816794,1.498231,0.171934,4.506565,0.557098,4.761319,2.084728
2006-03-03,7.160248,8.675683,8.651979,6.94859,6.337533,0.186065,8.818393,1.497856,0.186065,4.496025,0.562868,4.756861,2.084019
2006-03-10,7.155849,8.684046,8.666461,6.916616,6.293512,0.174793,8.817875,1.500188,0.174793,4.50921,0.545807,4.779208,2.085734
2006-03-17,7.175681,8.699415,8.679717,6.931491,6.317345,0.198031,8.8158,1.503951,0.198031,4.487737,0.563323,4.7529,2.083384
2006-03-24,7.172386,8.705547,8.695028,6.949473,6.328169,0.185317,8.817016,1.508912,0.185317,4.500587,0.555263,4.766098,2.083185
2006-03-31,7.166135,8.693597,8.694516,6.967052,6.369301,0.192107,8.818956,1.504502,0.192107,4.496805,0.552275,4.768818,2.081589
2006-04-07,7.166652,8.703855,8.691637,7.005925,6.378171,0.190042,8.818689,1.517485,0.190042,4.496359,0.555149,4.773224,2.080828
2006-04-14,7.161715,8.704403,8.68585,7.019842,6.401917,0.191446,8.820345,1.524231,0.191446,4.495244,0.560187,4.776515,2.081739
2006-04-21,7.178759,8.72139,8.715183,7.046787,6.452017,0.210342,8.823295,1.52984,0.210342,4.477905,0.577849,4.758664,2.081564
2006-04-28,7.178248,8.703357,8.701162,7.066766,6.483765,0.233886,8.82481,1.537658,0.233886,4.455626,0.602073,4.734706,2.08119
2006-05-05,7.189741,8.714682,8.71822,7.118263,6.527665,0.241141,8.824546,1.547688,0.241141,4.444297,0.620308,4.723664,2.08119
2006-05-12,7.163358,8.684756,8.685463,7.167238,6.572003,0.256733,8.8216,1.547011,0.256733,4.429745,0.639113,4.700753,2.080204
2006-05-19,7.144431,8.64072,8.643346,7.219715,6.488597,0.24514,8.82406,1.547214,0.24514,4.441238,0.631165,4.715727,2.082188
2006-05-26,7.15474,8.66406,8.663604,7.193701,6.482649,0.242005,8.826089,1.549694,0.242005,4.444532,0.620254,4.724286,2.082562
2006-06-02,7.161017,8.659491,8.645945,7.237145,6.458652,0.256037,8.82578,1.547507,0.256037,4.431293,0.632441,4.715906,2.082312
2006-06-09,7.132737,8.640331,8.605951,7.16564,6.40927,0.234202,8.826294,1.557951,0.234202,4.451086,0.609983,4.736023,2.080841
2006-06-16,7.13213,8.630057,8.589702,7.183878,6.365009,0.23444,8.828318,1.56488,0.23444,4.453649,0.615564,4.746583,2.079692
2006-06-23,7.126489,8.646835,8.617896,7.200014,6.368273,0.223703,8.829739,1.578191,0.223703,4.464528,0.597462,4.758492,2.079467
2006-06-30,7.14693,8.671355,8.645289,7.239904,6.423003,0.246157,8.832734,1.583767,0.246157,4.444532,0.61432,4.739876,2.078729
2006-07-07,7.143207,8.680825,8.645032,7.25165,6.444529,0.247641,8.832617,1.580942,0.247641,4.442769,0.615618,4.736549,2.077677
2006-07-14,7.119797,8.649554,8.598261,7.213127,6.498508,0.235309,8.834803,1.590801,0.235309,4.455509,0.608896,4.754624,2.079192
2006-07-21,7.123101,8.651672,8.603556,7.212317,6.429316,0.238544,8.836418,1.593997,0.238544,4.453533,0.61977,4.755055,2.079667
2006-07-28,7.153482,8.695323,8.649172,7.201462,6.453231,0.24373,8.836897,1.59193,0.24373,4.447112,0.622403,4.741884,2.07581
2006-08-04,7.154115,8.680909,8.652254,7.124406,6.471573,0.252625,8.835734,1.594501,0.252625,4.437698,0.646056,4.740051,2.076738
2006-08-11,7.144202,8.669073,8.635575,7.151211,6.449759,0.240826,8.836912,1.594742,0.240826,4.448399,0.636524,4.756345,2.076437
2006-08-18,7.171887,8.683284,8.668543,7.145094,6.42146,0.248811,8.83845,1.597809,0.248811,4.44371,0.632016,4.751865,2.076249
2006-08-25,7.166335,8.679074,8.667589,7.166606,6.433792,0.243181,8.841593,1.595426,0.243181,4.447112,0.635094,4.764564,2.076424
2006-09-01,7.178553,8.690995,8.678723,7.183947,6.438471,0.249669,8.841694,1.581781,0.249669,4.44171,0.644744,4.762943,2.073574
2006-09-08,7.169288,8.679193,8.664796,7.194272,6.41477,0.236968,8.842055,1.564861,0.236968,4.453766,0.623422,4.761661,2.072983
2006-09-15,7.185289,8.678802,8.689106,7.216944,6.36189,0.236336,8.841824,1.568028,0.236336,4.454115,0.631963,4.766864,2.072291
2006-09-22,7.181425,8.669451,8.679877,7.2261,6.379444,0.245609,8.842316,1.560743,0.245609,4.444532,0.641959,4.758406,2.069328
2006-09-29,7.197323,8.69296,8.700236,7.246561,6.394092,0.237046,8.844293,1.555362,0.237046,4.454696,0.627168,4.772209,2.067369
2006-10-06,7.207549,8.699715,8.713717,7.25635,6.352804,0.231191,8.846295,1.568564,0.231191,4.460144,0.626366,4.779292,2.067369
2006-10-13,7.219364,8.725394,8.72805,7.266045,6.3808,0.224183,8.849629,1.590096,0.224183,4.467286,0.618316,4.784487,2.067053
2006-10-20,7.221544,8.725053,8.732759,7.272523,6.382662,0.23246,8.851291,1.595538,0.23246,4.457482,0.633079,4.776852,2.067027
2006-10-27,7.227909,8.725978,8.742341,7.271738,6.396846,0.242319,8.852536,1.59846,0.242319,4.449218,0.640853,4.767289,2.065469
2006-11-03,7.218397,8.723898,8.73892,7.305383,6.441584,0.240512,8.852508,1.596531,0.240512,4.45097,0.642485,4.770769,2.063236
2006-11-10,7.230491,8.733658,8.757433,7.315923,6.443431,0.250058,8.853894,1.594582,0.250058,4.443474,0.64747,4.767459,2.062473
2006-11-17,7.245084,8.731013,8.765983,7.353774,6.432458,0.249123,8.854551,1.593229,0.249123,4.446292,0.639008,4.768564,2.063261
2006-11-24,7.244906,8.71966,8.76592,7.400364,6.458652,0.269569,8.856162,1.580816,0.269569,4.426761,0.658659,4.752728,2.060883
2006-12-01,7.241875,8.703092,8.738917,7.455426,6.47018,0.287882,8.859349,1.582952,0.287882,4.412556,0.683652,4.748838,2.057707
2006-12-08,7.251232,8.724598,8.768327,7.445172,6.437992,0.277859,8.85861,1.571618,0.277859,4.422328,0.670339,4.756517,2.057119
2006-12-15,7.263393,8.741935,8.793131,7.532431,6.422191,0.268576,8.859221,1.566503,0.268576,4.431293,0.669008,4.772124,2.05809
2006-12-22,7.251884,8.73069,8.780039,7.547312,6.431347,0.272238,8.860854,1.576173,0.272238,4.428552,0.671975,4.777946,2.056493
2006-12-29,7.257214,8.735654,8.794358,7.62122,6.456299,0.277556,8.864648,1.584434,0.277556,4.426641,0.672383,4.779712,2.0547
2007-01-05,7.251139,8.735541,8.793777,7.636694,6.409188,0.262595,8.866553,1.5894,0.262595,4.438407,0.657105,4.776009,2.054726
2007-01-12,7.26594,8.738575,8.810634,7.684209,6.441265,0.256501,8.866723,1.598405,0.256501,4.442887,0.672536,4.790238,2.053765
2007-01-19,7.265779,8.738287,8.816878,7.781594,6.454255,0.259205,8.869356,1.606584,0.259205,4.441003,0.67991,4.797772,2.050618
2007-01-26,7.259946,8.736811,8.80842,7.829201,6.4708,0.255882,8.868793,1.607388,0.255882,4.445353,0.672587,4.800326,2.050746
2007-02-02,7.278208,8.750034,8.837211,7.739794,6.473659,0.25936,8.86861,1.607829,0.25936,4.442181,0.676001,4.796782,2.04817
2007-02-09,7.27105,8.761362,8.840886,7.782078,6.502565,0.262979,8.869173,1.610655,0.262979,4.441238,0.667419,4.801805,2.04768
2007-02-16,7.283132,8.767096,8.847514,7.892355,6.505859,0.272924,8.869553,1.612322,0.272924,4.431531,0.667676,4.782647,2.048093
2007-02-23,7.280139,8.764288,8.852605,7.860469,6.525836,0.275129,8.870059,1.61351,0.275129,4.431412,0.674678,4.796451,2.046738
2007-03-02,7.235021,8.718696,8.795328,7.827532,6.465289,0.277101,8.872739,1.600082,0.277101,4.427717,0.664542,4.760549,2.047383
2007-03-09,7.246261,8.739568,8.812325,7.867638,6.477403,0.271172,8.870256,1.595331,0.271172,4.433789,0.658659,4.773393,2.047189
2007-03-16,7.234862,8.721048,8.79177,7.864892,6.482189,0.286531,8.871856,1.58492,0.286531,4.421127,0.663873,4.759864,2.046867
2007-03-23,7.269693,8.754539,8.83914,7.907015,6.488293,0.2839,8.873412,1.587358,0.2839,4.422208,0.67376,4.771616,2.044979
2007-03-30,7.259018,8.749574,8.841742,7.930846,6.497981,0.289306,8.879291,1.584528,0.289306,4.417997,0.676967,4.769328,2.045303
2007-04-06,7.275006,8.763631,8.867837,7.996994,6.514713,0.291101,8.88103,1.584446,0.291101,4.418744,0.675747,4.78139,2.044436
2007-04-13,7.281282,8.773756,8.883511,8.061244,6.530178,0.302324,8.882419,1.580497,0.302324,4.408291,0.686324,4.781222,2.044462
2007-04-20,7.302732,8.777525,8.90144,8.098424,6.539514,0.306676,8.885593,1.574242,0.306676,4.402356,0.694297,4.776515,2.043568
2007-04-27,7.309259,8.766971,8.906274,8.15206,6.52437,0.311301,8.887114,1.568341,0.311301,4.400959,0.691946,4.784236,2.04384
2007-05-04,7.31696,8.795385,8.92489,8.177153,6.535024,0.306823,8.885911,1.557976,0.306823,4.403556,0.68929,4.788991,2.041675
2007-05-11,7.317113,8.789614,8.9199,8.216793,6.508546,0.301881,8.88681,1.547135,0.301881,4.408133,0.683804,4.789074,2.03901
2007-05-18,7.328273,8.801003,8.936895,8.236587,6.494888,0.300771,8.88786,1.538097,0.300771,4.409119,0.680467,4.796782,2.037121
2007-05-25,7.323652,8.790345,8.954054,8.290355,6.486161,0.295873,8.889612,1.547814,0.295873,4.410748,0.684964,4.80238,2.035006
2007-06-01,7.337158,8.806379,8.985677,8.243795,6.509886,0.29632,8.889529,1.537725,0.29632,4.410638,0.684308,4.804677,2.034366
2007-06-08,7.318321,8.780342,8.934653,8.252673,6.475202,0.290653,8.889432,1.527503,0.290653,4.415111,0.678084,4.801805,2.035594
2007-06-15,7.334923,8.814687,8.99102,8.318591,6.485169,0.291848,8.890672,1.495866,0.291848,4.417044,0.681176,4.815836,2.031865
2007-06-22,7.314926,8.789873,8.980881,8.306825,6.483566,0.29788,8.89158,1.514408,0.29788,4.410808,0.692847,4.819475,2.031157
2007-06-29,7.315451,8.796021,8.988111,8.233259,6.476434,0.303211,8.893133,1.539086,0.303211,4.405743,0.697538,4.813647,2.030133
2007-07-06,7.333311,8.808384,8.993219,8.218863,6.486008,0.309541,8.895506,1.557534,0.309541,4.400173,0.698533,4.814945,2.028648
2007-07-13,7.347622,8.812352,8.998726,8.248011,6.50264,0.320851,8.894396,1.565342,0.320851,4.389201,0.710152,4.803447,2.024365
2007-07-20,7.335699,8.79258,8.971429,8.286995,6.52708,0.324038,8.896875,1.568864,0.324038,4.38562,0.720811,4.798019,2.024048
2007-07-27,7.285472,8.734753,8.916195,8.368029,6.494056,0.309982,8.897846,1.551809,0.309982,4.393782,0.705125,4.776009,2.023017
2007-08-03,7.267567,8.736216,8.914044,8.433459,6.511745,0.320198,8.898256,1.541711,0.320198,4.384237,0.713244,4.771193,2.023056
2007-08-10,7.281826,8.705878,8.901538,8.460978,6.511448,0.3143,8.89898,1.497404,0.3143,4.390478,0.704779,4.774069,2.025434
2007-08-17,7.276515,8.710158,8.906297,8.439573,6.488901,0.298251,8.901693,1.306618,0.298251,4.399695,0.683703,4.739526,2.027819
2007-08-24,7.299372,8.735541,8.923627,8.559789,6.504588,0.313057,8.90619,1.387908,0.313057,4.39033,0.700272,4.757462,2.023942
2007-08-31,7.295728,8.748829,8.940913,8.57486,6.51234,0.309688,8.912312,1.361294,0.309688,4.391866,0.70171,4.751692,2.020885
2007-09-07,7.281764,8.730884,8.914173,8.574479,6.552508,0.319835,8.909222,1.361453,0.319835,4.381514,0.707395,4.730745,2.01993
2007-09-14,7.302665,8.746605,8.922357,8.59365,6.561879,0.327576,8.908329,1.362483,0.327576,4.377228,0.69689,4.748058,2.017007
2007-09-21,7.330241,8.772874,8.961165,8.606686,6.595097,0.342951,8.909465,1.300331,0.342951,4.364334,0.703296,4.749184,2.015383
2007-09-28,7.330897,8.774437,8.969734,8.627089,6.611503,0.355434,8.909465,1.310716,0.355434,4.3531,0.716522,4.743191,2.016302
2007-10-05,7.350895,8.794188,8.987469,8.641005,6.610292,0.346069,8.911827,1.356116,0.346069,4.36065,0.714077,4.762259,2.015716
2007-10-12,7.353594,8.814434,8.992341,8.65473,6.618872,0.349106,8.912177,1.40754,0.349106,4.359577,0.710987,4.767374,2.016289
2007-10-19,7.31364,8.783841,8.972606,8.633029,6.640137,0.357814,8.911152,1.321006,0.357814,4.349077,0.718717,4.740749,2.015969
2007-10-26,7.336468,8.80407,8.980823,8.593193,6.665938,0.364226,8.911921,1.347013,0.364226,4.344156,0.718961,4.737864,2.013262
2007-11-02,7.319633,8.784254,8.968204,8.607569,6.693324,0.371908,8.916063,1.258407,0.371908,4.335158,0.736877,4.743627,2.008912
2007-11-09,7.281867,8.749082,8.963467,8.525265,6.723832,0.383833,8.913792,1.156957,0.383833,4.322807,0.737308,4.706734,2.003087
2007-11-16,7.285328,8.746907,8.937515,8.518724,6.667338,0.382674,8.913644,1.166,0.382674,4.328454,0.720081,4.710341,2.004705
2007-11-23,7.272884,8.742271,8.937082,8.488003,6.713928,0.394606,8.915889,1.091,0.394606,4.318195,0.724064,4.684905,2.002209
2007-11-30,7.300567,8.769119,8.970879,8.463246,6.66409,0.380694,8.919453,1.102993,0.380694,4.332666,0.720957,4.7116,2.000385
2007-12-07,7.316322,8.787968,8.986455,8.525429,6.678091,0.382401,8.918141,1.085709,0.382401,4.334516,0.708282,4.715727,2.001669
2007-12-14,7.291622,8.763584,8.980721,8.512713,6.677713,0.366724,8.919493,1.028465,0.366724,4.349452,0.701958,4.729863,1.997594
2007-12-21,7.302806,8.769367,8.987531,8.537358,6.699155,0.363253,8.920001,1.066309,0.363253,4.353125,0.684913,4.736462,1.997119
2007-12-28,7.298777,8.775997,8.995577,8.582657,6.733997,0.386894,8.921164,1.116501,0.386894,4.333598,0.691446,4.721085,1.988436
2008-01-04,7.2525,8.755974,8.962992,8.609526,6.756467,0.388251,8.922778,1.131012,0.388251,4.328006,0.680113,4.687671,1.98432
2008-01-11,7.244956,8.732627,8.951304,8.648072,6.797271,0.390419,8.922512,1.106862,0.390419,4.330444,0.671208,4.689971,1.982669
2008-01-18,7.189311,8.682996,8.897569,8.59683,6.783518,0.379942,8.922111,1.022616,0.379942,4.33576,0.670646,4.671613,1.979966
2008-01-25,7.193393,8.67744,8.827137,8.532561,6.817776,0.384037,8.926398,0.780668,0.384037,4.330378,0.684661,4.670396,1.975511
2008-02-01,7.240951,8.70437,8.84918,8.427693,6.808465,0.392177,8.931592,0.69529,0.392177,4.323404,0.675594,4.668239,1.972163
2008-02-08,7.193904,8.662851,8.819855,8.501436,6.827629,0.372046,8.934653,0.770117,0.372046,4.33951,0.665776,4.676001,1.971856
2008-02-15,7.207852,8.663473,8.829436,8.47914,6.805169,0.384173,8.93568,0.772005,0.384173,4.332061,0.673608,4.68037,1.971648
2008-02-22,7.210161,8.680757,8.825602,8.455794,6.851397,0.393932,8.935601,0.755629,0.393932,4.324398,0.676459,4.674416,1.965965
2008-02-29,7.193408,8.680043,8.817021,8.449888,6.881586,0.417394,8.939647,0.584113,0.417394,4.300193,0.687682,4.641984,1.961615
2008-03-07,7.165006,8.648204,8.781707,8.438516,6.88059,0.428921,8.940996,0.343696,0.428921,4.290829,0.699875,4.63152,1.961657
2008-03-14,7.160955,8.636167,8.77213,8.332758,6.910701,0.449418,8.942356,0.201389,0.449418,4.271891,0.703048,4.596129,1.959263
2008-03-21,7.192566,8.61163,8.751473,8.303463,6.82383,0.433923,8.94588,-0.691528,0.433923,4.286465,0.684106,4.600861,1.953666
2008-03-28,7.181759,8.646975,8.788731,8.273377,6.836313,0.457172,8.948859,0.346486,0.457172,4.272184,0.690293,4.597541,1.947651
2008-04-04,7.222858,8.690659,8.81928,8.202674,6.817612,0.453493,8.949923,0.276426,0.453493,4.276958,0.689792,4.619862,1.948165
2008-04-11,7.19506,8.681945,8.795366,8.238466,6.830118,0.458058,8.952217,0.128534,0.458058,4.273996,0.677577,4.614922,1.947323
2008-04-18,7.237296,8.708887,8.830993,8.093309,6.821217,0.4585,8.953097,0.278813,0.4585,4.276833,0.692147,4.641213,1.944995
2008-04-25,7.242683,8.714633,8.838781,8.243564,6.787055,0.446607,8.955345,0.288399,0.446607,4.287579,0.686022,4.648517,1.947281
2008-05-02,7.254107,8.734801,8.859822,8.283777,6.752796,0.43334,8.952502,0.379306,0.43334,4.297285,0.678896,4.657763,1.944123
2008-05-09,7.235821,8.733062,8.854118,8.263312,6.785418,0.437093,8.951259,0.495336,0.437093,4.291144,0.669879,4.633369,1.944738
2008-05-16,7.262173,8.748987,8.875783,8.277951,6.805058,0.443275,8.953343,0.570154,0.443275,4.28832,0.671668,4.645064,1.944352
2008-05-23,7.226885,8.71396,8.84564,8.209349,6.829902,0.45508,8.953756,0.590749,0.45508,4.275109,0.682945,4.638508,1.937547
2008-05-30,7.244499,8.708392,8.867398,8.191831,6.787281,0.441733,8.956544,0.618397,0.441733,4.288801,0.684258,4.658806,1.937604
2008-06-06,7.21574,8.68386,8.825238,8.157514,6.804892,0.456031,8.955551,0.577703,0.456031,4.282068,0.67844,4.653198,1.934864
2008-06-13,7.215262,8.666096,8.819565,7.999383,6.770273,0.430548,8.954945,0.65084,0.430548,4.306036,0.666649,4.683889,1.93184
2008-06-20,7.183818,8.634229,8.791553,7.954958,6.804947,0.44507,8.954919,0.570963,0.44507,4.29087,0.681075,4.675908,1.928648
2008-06-27,7.153349,8.617925,8.767471,7.94308,6.832816,0.456982,8.956828,0.513338,0.456982,4.281654,0.690644,4.664759,1.926014
2008-07-04,7.141166,8.596522,8.743884,7.916388,6.838673,0.451458,8.957137,0.583031,0.451458,4.286768,0.684258,4.670958,1.925547
2008-07-11,7.122455,8.56819,8.724744,7.990746,6.871299,0.466058,8.959787,0.45819,0.466058,4.277999,0.687481,4.665983,1.92191
2008-07-18,7.139407,8.589774,8.761339,7.942881,6.861711,0.460458,8.96193,0.383179,0.460458,4.279288,0.692547,4.672548,1.919405
2008-07-25,7.137088,8.585338,8.769773,7.985893,6.835023,0.451585,8.965258,0.525432,0.451585,4.28854,0.688989,4.680741,1.919684
2008-08-01,7.139113,8.58573,8.7635,7.951837,6.814488,0.44244,8.964338,0.486037,0.44244,4.296251,0.68072,4.67935,1.923255
2008-08-08,7.167285,8.610538,8.788997,7.859977,6.752971,0.405798,8.962379,0.496408,0.405798,4.328692,0.65295,4.702115,1.925445
2008-08-15,7.168734,8.604251,8.771218,7.802867,6.669117,0.384446,8.962135,0.565189,0.384446,4.34614,0.623851,4.705016,1.92763
2008-08-22,7.164101,8.613521,8.755016,7.785276,6.713017,0.391501,8.959723,0.506233,0.391501,4.34127,0.616698,4.701207,1.92191
2008-08-29,7.156824,8.637036,8.767532,7.779735,6.72281,0.383492,8.961212,0.500406,0.383492,4.348741,0.599441,4.689511,1.922744
2008-09-05,7.124728,8.56421,8.720532,7.688652,6.688977,0.355364,8.960802,0.505244,0.355364,4.368587,0.56883,4.679628,1.922715
2008-09-12,7.132258,8.597242,8.737916,7.639089,6.640529,0.352486,8.958784,0.371908,0.352486,4.369017,0.584504,4.681576,1.923402
2008-09-19,7.134955,8.577592,8.730614,7.636805,6.772565,0.369216,8.961186,-0.890891,0.369216,4.352598,0.605135,4.677026,1.922466
2008-09-26,7.10086,8.534732,8.710042,7.715864,6.7785,0.379395,8.983063,-0.144113,0.379395,4.343195,0.612262,4.663533,1.923226
2008-10-03,7.002365,8.513235,8.665101,7.637866,6.72803,0.320052,8.98532,-0.683989,0.320052,4.385932,0.571827,4.657003,1.923854
2008-10-10,6.801528,8.276919,8.421631,7.553266,6.74506,0.293266,8.98026,-1.096824,0.293266,4.418804,0.533154,4.611947,1.922203
2008-10-17,6.846465,8.309679,8.472474,7.513851,6.66358,0.293341,8.98552,-0.272544,0.293341,4.411743,0.547023,4.621831,1.921793
2008-10-24,6.776245,8.264456,8.365363,7.485267,6.59953,0.233015,8.99084,-0.196952,0.233015,4.459451,0.463545,4.546693,1.923343
2008-10-31,6.876007,8.384197,8.514784,7.416775,6.585551,0.240983,8.988121,-0.829288,0.240983,4.450071,0.474805,4.589752,1.922612
2008-11-07,6.836249,8.381364,8.504809,7.425257,6.602113,0.240433,8.986547,-1.16184,0.240433,4.453265,0.447438,4.587413,1.920695
2008-11-14,6.772268,8.350659,8.457494,7.572323,6.609484,0.231588,8.987834,-1.641393,0.231588,4.458583,0.388115,4.575123,1.920592
2008-11-21,6.684649,8.237733,8.325405,7.560461,6.685112,0.230238,8.989956,-2.71583,0.230238,4.479505,0.400453,4.563723,1.921486
2008-11-28,6.798208,8.363578,8.448794,7.512028,6.706923,0.238229,8.994383,-2.918031,0.238229,4.460341,0.430028,4.55944,1.922013
2008-12-05,6.775446,8.306317,8.38514,7.607471,6.628636,0.240433,9.001913,-3.833674,0.240433,4.467298,0.38431,4.530878,1.928793
2008-12-12,6.779615,8.36179,8.447494,7.580894,6.712166,0.290428,9.008971,-3.546686,0.290428,4.42657,0.401992,4.512616,1.923285
2008-12-19,6.788837,8.363326,8.454615,7.626624,6.731352,0.330023,9.014313,-6.776727,0.330023,4.398121,0.399648,4.492113,1.923635
2008-12-26,6.771706,8.346782,8.440178,7.52946,6.767688,0.338399,9.018393,-5.053021,0.338399,4.393115,0.377271,4.508769,1.922978
2009-01-02,6.837118,8.42547,8.511793,7.505338,6.774681,0.330885,9.020801,-3.270959,0.330885,4.404754,0.3748,4.519939,1.921325
2009-01-09,6.791615,8.400331,8.473009,7.559226,6.750165,0.298103,9.024264,-2.821275,0.298103,4.414772,0.416273,4.504244,1.922174
2009-01-16,6.745378,8.330155,8.381667,7.595995,6.737145,0.282619,9.023637,-2.306794,0.282619,4.433337,0.387708,4.507998,1.922437
2009-01-23,6.723772,8.307082,8.337813,7.61711,6.802117,0.259977,9.024493,-2.312635,0.259977,4.449779,0.321721,4.486161,1.924117
2009-01-30,6.716449,8.330777,8.375249,7.666213,6.83287,0.247797,9.028231,-1.559743,0.247797,4.454336,0.37425,4.49892,1.924526
2009-02-06,6.766883,8.364478,8.443467,7.713016,6.815092,0.257815,9.027955,-1.253443,0.257815,4.446714,0.391096,4.520592,1.922042
2009-02-13,6.717611,8.340358,8.392398,7.782832,6.847687,0.25177,9.028159,-1.229462,0.25177,4.454824,0.361513,4.520592,1.921852
2009-02-20,6.646455,8.265923,8.297708,7.759751,6.90063,0.249045,9.028591,-1.364572,0.249045,4.460006,0.366863,4.536356,1.922378
2009-02-27,6.599993,8.250644,8.254201,7.66879,6.848377,0.236573,9.029226,-1.448595,0.236573,4.477428,0.358793,4.581082,1.922788
2009-03-06,6.527051,8.16926,8.206968,7.734813,6.845188,0.23523,9.031776,-1.673177,0.23523,4.483138,0.343093,4.587719,1.922758
2009-03-13,6.628769,8.230492,8.282382,7.698673,6.834916,0.25681,9.035261,-1.703035,0.25681,4.470816,0.336258,4.585172,1.922525
2009-03-20,6.644493,8.25397,8.311089,7.774789,6.858775,0.30616,9.039244,-1.652241,0.30616,4.428922,0.369147,4.563827,1.921003
2009-03-27,6.704341,8.268437,8.343685,7.823618,6.827792,0.284427,9.038377,-1.991431,0.284427,4.443956,0.359072,4.58364,1.921691
2009-04-03,6.736374,8.30144,8.385943,7.851856,6.794755,0.298919,9.035237,-1.599834,0.298919,4.432779,0.394876,4.608365,1.922071
2009-04-10,6.752924,8.289969,8.409857,7.861546,6.781795,0.276722,9.034772,-1.721599,0.276722,4.451856,0.383424,4.607468,1.921866
2009-04-17,6.768033,8.316985,8.450378,7.882575,6.767113,0.26582,9.036273,-2.023818,0.26582,4.454126,0.391907,4.596634,1.921691
2009-04-24,6.76415,8.332306,8.449839,7.852785,6.816955,0.280884,9.036475,-2.173489,0.280884,4.439281,0.383628,4.576462,1.920915
2009-05-01,6.7771,8.353078,8.469986,7.872047,6.787338,0.283071,9.038424,-2.050349,0.283071,4.437296,0.400252,4.596331,1.920006
2009-05-08,6.834356,8.403373,8.499823,7.933517,6.820726,0.309982,9.040264,-1.768258,0.309982,4.41315,0.42101,4.589752,1.920109
2009-05-15,6.783189,8.377497,8.463265,7.935988,6.837118,0.299734,9.041697,-1.847378,0.299734,4.41913,0.41746,4.55598,1.920739
2009-05-22,6.787845,8.38144,8.50081,7.915961,6.864169,0.336401,9.041484,-1.802598,0.336401,4.381501,0.465807,4.551558,1.920329
2009-05-29,6.823438,8.393429,8.505287,7.922881,6.886685,0.347836,9.043506,-1.94582,0.347836,4.373843,0.48187,4.557449,1.921193
2009-06-05,6.845976,8.398085,8.532482,7.98593,6.861973,0.334255,9.043483,-1.75875,0.334255,4.390367,0.468815,4.591578,1.921778
2009-06-12,6.852465,8.398849,8.530946,7.974633,6.845135,0.337686,9.044522,-1.887038,0.337686,4.3838,0.497315,4.589346,1.922086
2009-06-19,6.82571,8.376995,8.484558,8.032685,6.83953,0.332034,9.04438,-1.801264,0.332034,4.385321,0.500472,4.567157,1.922247
2009-06-26,6.823177,8.352557,8.471457,8.048283,6.845454,0.340678,9.04392,-1.835398,0.340678,4.3805,0.50241,4.556085,1.92191
2009-07-03,6.798409,8.351441,8.457063,8.109868,6.837601,0.335043,9.041247,-1.864911,0.335043,4.38679,0.490603,4.564765,1.921632
2009-07-10,6.778933,8.325347,8.428648,8.131034,6.816791,0.33189,9.042218,-1.842821,0.33189,4.384935,0.483167,4.527749,1.92172
2009-07-17,6.846284,8.3868,8.512864,8.166162,6.843217,0.343802,9.042596,-1.736363,0.343802,4.373831,0.490909,4.545526,1.921574
2009-07-24,6.886797,8.428714,8.562044,8.207282,6.857882,0.350939,9.043317,-1.731267,0.350939,4.366266,0.496098,4.551769,1.921559
2009-07-31,6.895156,8.435627,8.581508,8.225401,6.860664,0.354663,9.044675,-1.764397,0.354663,4.361148,0.513662,4.550714,1.921632
2009-08-07,6.918181,8.46201,8.605014,8.176136,6.861659,0.349529,9.040951,-1.767848,0.349529,4.369131,0.511925,4.580468,1.921603
2009-08-14,6.911837,8.458286,8.577179,8.115061,6.854935,0.350939,9.040809,-1.900793,0.350939,4.367991,0.503499,4.55314,1.921969
2009-08-21,6.93355,8.486917,8.605706,8.072037,6.860506,0.359561,9.039849,-1.943373,0.359561,4.357273,0.501199,4.547541,1.921515
2009-08-28,6.936275,8.498805,8.615653,8.021841,6.861711,0.357954,9.037105,-2.028672,0.357954,4.36139,0.486738,4.539137,1.921339
2009-09-04,6.924022,8.487084,8.591267,8.031756,6.90214,0.357535,9.038104,-2.123853,0.357535,4.358451,0.494269,4.532707,1.921325
2009-09-11,6.949598,8.519485,8.634802,8.082751,6.912942,0.376448,9.038211,-2.119181,0.376448,4.338702,0.510426,4.507778,1.921178
2009-09-18,6.973824,8.551187,8.648893,8.070809,6.915327,0.38601,9.039967,-2.640859,0.38601,4.33631,0.486738,4.514041,1.921003
2009-09-25,6.951179,8.5335,8.627197,8.02569,6.898715,0.384514,9.04069,-2.639597,0.384514,4.341361,0.466999,4.495913,1.92112
2009-10-02,6.932653,8.514931,8.60665,8.007966,6.910551,0.376791,9.041496,-2.784176,0.376791,4.343844,0.466686,4.497696,1.920797
2009-10-09,6.976805,8.549054,8.650303,8.059501,6.955831,0.387437,9.040773,-2.725552,0.387437,4.336388,0.460143,4.497251,1.920666
2009-10-16,6.991802,8.554535,8.655805,8.083856,6.959968,0.399112,9.04217,-2.702018,0.399112,4.325417,0.49201,4.50976,1.920856
2009-10-23,6.984346,8.564567,8.655258,8.13542,6.961675,0.406065,9.043766,-2.729683,0.406065,4.323709,0.489071,4.522441,1.92112
2009-10-30,6.943306,8.526064,8.596921,8.095712,6.952155,0.386486,9.045914,-2.883654,0.386486,4.334673,0.497619,4.50092,1.920959
2009-11-06,6.97476,8.545337,8.610365,8.155655,6.998601,0.395213,9.04536,-2.909555,0.395213,4.328349,0.5076,4.498475,1.920944
2009-11-13,6.997121,8.574779,8.645908,8.165853,7.019923,0.398977,9.046691,-2.904613,0.398977,4.321932,0.511445,4.496136,1.920783
2009-11-20,6.995198,8.566252,8.641736,8.197266,7.048039,0.396223,9.047162,-3.540804,0.396223,4.326197,0.500957,4.487287,1.921017
2009-11-27,6.995299,8.56517,8.645694,8.126373,7.071259,0.404665,9.048186,-3.461266,0.404665,4.317435,0.500896,4.460607,1.921105
2009-12-04,7.008487,8.579672,8.668652,8.200697,7.057381,0.395953,9.048891,-3.100204,0.395953,4.329562,0.499259,4.505792,1.920885
2009-12-11,7.008876,8.568185,8.658048,8.181726,7.016968,0.379532,9.050981,-3.574837,0.379532,4.338245,0.486185,4.489535,1.920988
2009-12-18,7.005308,8.5558,8.67098,8.129098,7.014994,0.360259,9.050488,-3.237549,0.360259,4.354411,0.48014,4.504687,1.921046
2009-12-25,7.026853,8.5946,8.692396,8.138793,7.008008,0.36367,9.049737,-3.093125,0.36367,4.353293,0.467939,4.51426,1.9209
2010-01-01,7.016699,8.596537,8.692394,8.181911,7.000635,0.360328,9.048633,-2.747779,0.360328,4.354912,0.479397,4.533137,1.9209
2010-01-08,7.043142,8.61871,8.705764,8.154825,7.037247,0.365407,9.045112,-2.982421,0.365407,4.349904,0.471565,4.528937,1.920973
2010-01-15,7.035295,8.604356,8.678626,8.155575,7.030796,0.36374,9.044014,-2.946752,0.36374,4.347991,0.486369,4.508439,1.920885
2010-01-22,6.995546,8.576026,8.6474,8.12154,6.996864,0.346352,9.043388,-3.092463,0.346352,4.360254,0.476979,4.497919,1.920885
2010-01-29,6.979024,8.554204,8.63209,8.072205,6.985503,0.32671,9.046409,-2.745908,0.32671,4.375279,0.468878,4.502805,1.920871
2010-02-05,6.971847,8.529304,8.600493,8.056138,6.97195,0.313277,9.048621,-2.518009,0.313277,4.387524,0.447375,4.491553,1.920812
2010-02-12,6.98055,8.545285,8.612574,8.086804,6.997029,0.309835,9.048468,-2.494351,0.309835,4.384748,0.451139,4.499476,1.921822
2010-02-19,7.011367,8.586378,8.652082,8.091467,7.020369,0.308514,9.05309,-2.397665,0.308514,4.390032,0.436447,4.516558,1.921288
2010-02-26,7.007139,8.585696,8.630247,8.096108,7.018939,0.309688,9.053102,-2.172083,0.309688,4.386541,0.421273,4.487962,1.920754
2010-03-05,7.037643,8.630479,8.678863,8.089409,7.03408,0.309174,9.051614,-1.972347,0.309174,4.387412,0.414755,4.502916,1.920812
2010-03-12,7.047509,8.635092,8.690324,8.081206,7.004791,0.319835,9.049408,-1.972275,0.319835,4.379937,0.418973,4.506013,1.92068
2010-03-19,7.056089,8.639432,8.696582,8.099818,7.009409,0.302398,9.050031,-1.904548,0.302398,4.391036,0.406331,4.505902,1.920827
2010-03-26,7.06184,8.648751,8.719326,8.094073,7.009861,0.293416,9.050289,-1.967686,0.293416,4.40276,0.398642,4.527425,1.9209
2010-04-02,7.071658,8.656066,8.738024,8.13369,7.020905,0.300401,9.052305,-1.864588,0.300401,4.396583,0.419302,4.549763,1.920695
2010-04-09,7.085374,8.660597,8.740289,8.125385,7.057898,0.300031,9.052727,-1.871972,0.300031,4.395597,0.429898,4.534533,1.920387
2010-04-16,7.083497,8.655904,8.729219,8.118603,7.0365,0.300253,9.053125,-1.880394,0.300253,4.392274,0.429312,4.523743,1.920666
2010-04-23,7.104374,8.652362,8.74186,8.067776,7.054104,0.291475,9.05145,-1.871192,0.291475,4.398785,0.430288,4.542976,1.920944
2010-04-30,7.078923,8.622146,8.721879,8.028573,7.072592,0.284803,9.055101,-1.850046,0.284803,4.405084,0.423501,4.541698,1.920636
2010-05-07,7.012908,8.541499,8.650865,7.950428,7.097052,0.243495,9.056851,-2.070204,0.243495,4.43616,0.392312,4.517213,1.92071
2010-05-14,7.034987,8.568428,8.708922,7.961377,7.117351,0.211799,9.057352,-1.88988,0.211799,4.455451,0.374181,4.526884,1.920827
2010-05-21,6.991811,8.529701,8.670644,7.926166,7.070809,0.228887,9.059448,-1.877448,0.228887,4.447006,0.368663,4.499921,1.921003
2010-05-28,6.993392,8.554186,8.690504,7.95518,7.101989,0.204898,9.058889,-1.90401,0.204898,4.459913,0.368732,4.511519,1.921544
2010-06-04,6.970617,8.542081,8.689276,7.917314,7.106524,0.179651,9.061608,-2.047943,0.179651,4.479981,0.368524,4.52081,1.921149
2010-06-11,6.9954,8.549405,8.707455,7.922576,7.112083,0.191612,9.060947,-2.520119,0.191612,4.471719,0.375075,4.518086,1.921764
2010-06-18,7.018858,8.566143,8.73504,7.899588,7.136324,0.214062,9.060006,-2.350935,0.214062,4.450841,0.393595,4.507557,1.920754
2010-06-25,6.981712,8.526444,8.711213,7.914358,7.135369,0.212527,9.062652,-2.109488,0.212527,4.446327,0.409656,4.491329,1.91576
2010-07-02,6.930084,8.484275,8.671484,7.837594,7.099697,0.22841,9.063046,-1.855722,0.22841,4.435887,0.418316,4.47472,1.912737
2010-07-09,6.982826,8.543434,8.710329,7.88122,7.099697,0.23436,9.058051,-1.887566,0.23436,4.430186,0.409723,4.484358,1.912944
2010-07-16,6.970617,8.548469,8.706204,7.869451,7.084226,0.256965,9.060227,-1.926823,0.256965,4.412629,0.425333,4.460607,1.913195
2010-07-23,7.005481,8.57784,8.726861,7.9349,7.081036,0.25534,9.06068,-1.898454,0.25534,4.412362,0.433404,4.471182,1.913962
2010-07-30,7.004519,8.56751,8.723877,7.961667,7.074117,0.26628,9.063,-1.929505,0.26628,4.401081,0.450375,4.459798,1.913166
2010-08-06,7.022547,8.581555,8.741876,7.971659,7.094567,0.283674,9.062919,-1.960557,0.283674,4.387101,0.466435,4.448633,1.912294
2010-08-13,6.984022,8.570817,8.717749,7.95702,7.102911,0.243338,9.06293,-1.944981,0.243338,4.418214,0.444109,4.45667,1.916364
2010-08-20,6.976992,8.555506,8.700374,7.97189,7.112979,0.239961,9.063475,-1.958216,0.239961,4.419527,0.44051,4.449919,1.915525
2010-08-27,6.970345,8.556714,8.691343,7.958077,7.121333,0.243965,9.063926,-1.98887,0.243965,4.417852,0.440124,4.445353,1.916628
2010-09-03,7.007157,8.599354,8.721703,7.979411,7.128295,0.25441,9.065973,-2.090867,0.25441,4.407962,0.435153,4.4345,1.917437
2010-09-10,7.01171,8.612802,8.734684,7.983628,7.127894,0.237362,9.065823,-2.084253,0.237362,4.415195,0.428921,4.432601,1.912442
2010-09-17,7.026063,8.614039,8.733878,7.959056,7.150152,0.266126,9.067013,-2.001148,0.266126,4.399351,0.446479,4.452718,1.905847
2010-09-24,7.04636,8.63025,8.748035,7.957695,7.166999,0.299289,9.067555,-2.063253,0.299289,4.374435,0.458816,4.433432,1.900614
2010-10-01,7.044242,8.629253,8.734132,7.984657,7.184705,0.321431,9.070147,-2.015378,0.321431,4.357836,0.458943,4.421488,1.899866
2010-10-08,7.060605,8.640757,8.746982,8.021003,7.205442,0.331962,9.071193,-2.117434,0.331962,4.348017,0.467626,4.405865,1.89807
2010-10-15,7.070036,8.648813,8.778372,8.110031,7.221397,0.334828,9.072686,-2.062388,0.334828,4.344338,0.469504,4.400112,1.893564
2010-10-22,7.075876,8.655453,8.795709,8.125234,7.191768,0.333181,9.073352,-2.068541,0.333181,4.349917,0.449992,4.399007,1.895594
2010-10-29,7.076029,8.643854,8.795032,8.125625,7.214799,0.332679,9.075265,-2.119597,0.332679,4.347254,0.472563,4.38689,1.898219
2010-11-05,7.11139,8.678521,8.81792,8.166444,7.239681,0.338755,9.07618,-2.167093,0.338755,4.337918,0.481376,4.397777,1.896495
2010-11-12,7.089418,8.665073,8.815015,8.099199,7.221653,0.3143,9.075883,-2.172786,0.3143,4.35776,0.477103,4.413162,1.893263
2010-11-19,7.089852,8.653965,8.831062,8.064275,7.210028,0.312838,9.076306,-2.05909,0.312838,4.36315,0.468753,4.425445,1.892811
2010-11-26,7.081204,8.642715,8.831855,8.069295,7.217994,0.280657,9.078465,-1.907372,0.280657,4.386479,0.444173,4.431888,1.895549
2010-12-03,7.110459,8.656141,8.846169,8.057745,7.254234,0.293863,9.080027,-2.007828,0.293863,4.374209,0.455905,4.412919,1.89627
2010-12-10,7.123189,8.667843,8.854546,8.058954,7.234177,0.279524,9.079024,-2.16561,0.279524,4.382901,0.457678,4.430221,1.894557
2010-12-17,7.126015,8.677908,8.851155,8.078893,7.226536,0.276798,9.080391,-2.251037,0.276798,4.386678,0.440446,4.430698,1.895969
2010-12-24,7.1363,8.701,8.861873,8.059264,7.230911,0.271705,9.082212,-2.164215,0.271705,4.387934,0.434506,4.417635,1.891077
2010-12-31,7.136992,8.682697,8.841331,8.048232,7.258961,0.291699,9.085174,-2.134954,0.291699,4.369802,0.445455,4.396423,1.886054
2011-01-07,7.147953,8.6969,8.846186,8.06042,7.222259,0.255185,9.084165,-1.999005,0.255185,4.394597,0.441283,4.420646,1.891771
2011-01-14,7.164906,8.69986,8.864422,8.036528,7.216511,0.291774,9.086918,-1.97091,0.291774,4.371496,0.461782,4.417273,1.885477
2011-01-21,7.157229,8.682072,8.862543,8.000839,7.202423,0.309101,9.091512,-1.915963,0.309101,4.359436,0.470004,4.413646,1.884491
2011-01-28,7.151752,8.679545,8.868244,8.01854,7.197997,0.308293,9.089268,-1.987774,0.308293,4.358413,0.461152,4.408303,1.884794
2011-02-04,7.178446,8.699078,8.884085,8.031801,7.207008,0.30616,9.091917,-1.988212,0.30616,4.357273,0.476917,4.408912,1.884612
2011-02-11,7.192295,8.709944,8.905336,8.045896,7.213069,0.303875,9.092075,-2.192386,0.303875,4.362589,0.470441,4.424008,1.886099
2011-02-18,7.202669,8.713252,8.912852,8.074612,7.236721,0.3143,9.093436,-2.373008,0.3143,4.352392,0.485692,4.421007,1.88364
2011-02-25,7.185296,8.699715,8.879774,8.070162,7.25177,0.318745,9.09521,-2.147549,0.318745,4.34737,0.477352,4.402809,1.883275
2011-03-04,7.186258,8.697912,8.878901,8.09275,7.266059,0.335543,9.096107,-2.241396,0.335543,4.335983,0.486676,4.410614,1.882423
2011-03-11,7.173406,8.670544,8.851018,8.085604,7.256615,0.329448,9.096735,-2.681652,0.329448,4.340892,0.475053,4.40501,1.883199
2011-03-18,7.15399,8.651397,8.804535,8.075797,7.257637,0.349388,9.097664,-2.637499,0.349388,4.327016,0.484584,4.38925,1.882666
2011-03-25,7.180679,8.682836,8.845973,8.100004,7.265248,0.342667,9.099655,-2.480516,0.342667,4.333585,0.472688,4.398638,1.880762
2011-04-01,7.194745,8.701167,8.879028,8.09338,7.26459,0.353119,9.102276,-2.713264,0.353119,4.328534,0.476855,4.431531,1.878732
2011-04-08,7.191557,8.708764,8.884197,8.117718,7.296366,0.370459,9.102454,-3.231708,0.370459,4.318368,0.493537,4.439706,1.877463
2011-04-15,7.185145,8.69885,8.878816,8.119381,7.304314,0.366724,9.101674,-2.855275,0.366724,4.315246,0.490235,4.420526,1.876989
2011-04-22,7.198468,8.70256,8.895012,8.10166,7.317777,0.375762,9.1032,-2.854406,0.375762,4.305523,0.501381,4.40501,1.8738
2011-04-29,7.217891,8.711097,8.924584,8.068628,7.35481,0.392447,9.106634,-3.280485,0.392447,4.289541,0.513183,4.396915,1.870432
2011-05-06,7.200574,8.695636,8.921624,8.046037,7.310283,0.359002,9.109625,-3.86038,0.359002,4.315366,0.492743,4.389871,1.871048
2011-05-13,7.198759,8.687083,8.909682,8.048178,7.309902,0.344795,9.108308,-3.805863,0.344795,4.327531,0.482241,4.391977,1.871802
2011-05-20,7.19539,8.690893,8.891074,8.046101,7.321387,0.347836,9.109094,-3.392337,0.347836,4.323271,0.484276,4.403176,1.870971
2011-05-27,7.193761,8.689274,8.87675,7.994062,7.337197,0.359002,9.110664,-3.265705,0.359002,4.316875,0.501321,4.391729,1.870447
2011-06-03,7.170243,8.675053,8.869121,8.001807,7.340803,0.380831,9.11232,-3.469262,0.380831,4.301128,0.49628,4.385396,1.868721
2011-06-10,7.147544,8.659699,8.863602,7.993596,7.334101,0.360956,9.110686,-3.42038,0.360956,4.314751,0.484276,4.386143,1.868474
2011-06-17,7.147953,8.650839,8.876831,7.969759,7.33918,0.357814,9.112904,-3.580204,0.357814,4.317328,0.481994,4.382651,1.866898
2011-06-24,7.145551,8.647821,8.870857,8.015483,7.314985,0.349882,9.11715,-4.455888,0.349882,4.326316,0.467375,4.387387,1.867794
2011-07-01,7.200179,8.697807,8.911859,8.022815,7.30504,0.373355,9.126089,-3.589577,0.373355,4.30877,0.474742,4.392348,1.866604
2011-07-08,7.203257,8.697944,8.909604,8.042114,7.342229,0.355154,9.130539,-3.780556,0.355154,4.319872,0.473622,4.390119,1.866604
2011-07-15,7.182458,8.673113,8.884627,8.048434,7.37372,0.347271,9.13016,-4.810965,0.347271,4.319167,0.478344,4.371092,1.865939
2011-07-22,7.204164,8.688626,8.899238,8.028778,7.378559,0.361722,9.13333,-3.642378,0.361722,4.306778,0.48858,4.363608,1.863537
2011-07-29,7.164163,8.668229,8.876093,7.997017,7.395034,0.364504,9.137791,-2.406835,0.364504,4.302672,0.496037,4.340684,1.862761
2011-08-05,7.08956,8.56541,8.73812,7.971576,7.416859,0.356415,9.152637,-6.180207,0.356415,4.312114,0.494208,4.362207,1.862606
2011-08-12,7.072261,8.579234,8.699138,7.963933,7.465598,0.354031,9.15305,-4.513503,0.354031,4.312234,0.487229,4.339902,1.854734
2011-08-19,7.024231,8.525312,8.60886,7.940107,7.524075,0.364435,9.156644,-7.20886,0.364435,4.304187,0.498591,4.337944,1.855829
2011-08-26,7.070554,8.542845,8.619295,7.972887,7.51095,0.371564,9.159489,-4.392481,0.371564,4.301548,0.492804,4.33951,1.854343
2011-09-02,7.068146,8.573957,8.619448,7.938749,7.540558,0.351009,9.160162,-4.74099,0.351009,4.314229,0.483537,4.341335,1.85403
2011-09-09,7.051189,8.559227,8.554475,7.919752,7.526017,0.311521,9.158373,-7.354042,0.311521,4.346296,0.462601,4.351567,1.854484
2011-09-16,7.10333,8.588287,8.62578,7.913517,7.50212,0.322011,9.157446,-6.969631,0.322011,4.338584,0.456665,4.341074,1.853717
2011-09-23,7.035647,8.530467,8.555752,7.889639,7.412643,0.299882,9.157625,-5.888908,0.299882,4.363111,0.435024,4.337813,1.854437
2011-09-30,7.031229,8.542565,8.612871,7.856068,7.392635,0.291774,9.161602,-4.285263,0.291774,4.363774,0.44366,4.344065,1.853482
2011-10-07,7.052254,8.576103,8.643949,7.87,7.40114,0.291026,9.162725,-5.270702,0.291026,4.365973,0.442247,4.340684,1.853278
2011-10-14,7.110353,8.606368,8.694033,7.88374,7.426984,0.328008,9.162714,-4.069847,0.328008,4.338897,0.458627,4.346658,1.853074
2011-10-21,7.121454,8.610438,8.694663,7.827193,7.403902,0.329088,9.164077,-4.49991,0.329088,4.335917,0.466999,4.334542,1.853732
2011-10-28,7.158584,8.648614,8.75561,7.904342,7.463793,0.346988,9.164171,-4.908982,0.346988,4.318381,0.478654,4.328494,1.849918
2011-11-04,7.133479,8.617429,8.693859,7.924344,7.470025,0.321431,9.166744,-6.725434,0.321431,4.343312,0.471939,4.359781,1.846879
2011-11-11,7.141918,8.62072,8.708975,7.899153,7.489233,0.318526,9.168226,-7.130899,0.318526,4.343091,0.47412,4.346011,1.84721
2011-11-18,7.103034,8.587268,8.665655,7.865764,7.452373,0.301881,9.169727,-8.078938,0.301881,4.357529,0.457805,4.343026,1.849258
2011-11-25,7.055028,8.549593,8.611206,7.85165,7.428648,0.280582,9.168883,-4.170794,0.280582,4.378094,0.434312,4.35337,1.852996
2011-12-02,7.126312,8.621966,8.712872,7.846711,7.465512,0.292072,9.169445,-5.312416,0.292072,4.36469,0.444558,4.356581,1.850076
2011-12-09,7.135042,8.6178,8.697297,7.825429,7.445184,0.291699,9.169435,-6.878196,0.291699,4.364779,0.449163,4.351825,1.850657
2011-12-16,7.106327,8.591807,8.648534,7.779103,7.377102,0.265896,9.171641,-4.879607,0.265896,4.385222,0.441218,4.353756,1.848565
2011-12-23,7.143088,8.61481,8.67913,7.766061,7.38172,0.265743,9.171849,-8.334872,0.265743,4.381151,0.444045,4.357862,1.846469
2011-12-30,7.13696,8.62556,8.682428,7.760356,7.35481,0.259205,9.173272,-4.465408,0.259205,4.384249,0.441411,4.342506,1.83974
2012-01-06,7.152903,8.639354,8.709122,7.736569,7.388915,0.240276,9.183349,-4.551629,0.240276,4.39758,0.433534,4.343546,1.842041
2012-01-13,7.161692,8.637043,8.723082,7.780859,7.401842,0.237441,9.185843,-3.612289,0.237441,4.400787,0.426378,4.343416,1.841581
2012-01-20,7.181881,8.653218,8.764739,7.825681,7.418571,0.257042,9.184212,-3.312912,0.257042,4.38481,0.44321,4.344195,1.846279
2012-01-27,7.182603,8.654073,8.781399,7.82608,7.461112,0.279146,9.184848,-3.00821,0.279146,4.368207,0.453302,4.339902,1.842738
2012-02-03,7.204075,8.682889,8.819764,7.826479,7.453707,0.274445,9.186078,-2.71704,0.274445,4.368485,0.4585,4.338989,1.84101
2012-02-10,7.202393,8.674605,8.808812,7.837404,7.451242,0.277404,9.185289,-2.537548,0.277404,4.37089,0.454636,4.351696,1.840518
2012-02-17,7.216144,8.683567,8.831716,7.838773,7.452043,0.273076,9.188125,-2.637359,0.273076,4.373629,0.459259,4.376386,1.840407
2012-02-24,7.219452,8.688644,8.834108,7.881567,7.480118,0.29632,9.187205,-2.369045,0.29632,4.361211,0.462349,4.396792,1.840169
2012-03-02,7.222296,8.684592,8.842369,7.893546,7.445768,0.27748,9.186877,-2.74109,0.27748,4.374536,0.459574,4.404399,1.840296
2012-03-09,7.223201,8.680585,8.836404,7.887697,7.446381,0.271781,9.188504,-2.641701,0.271781,4.382539,0.449418,4.412435,1.842342
2012-03-16,7.247202,8.693762,8.875961,7.872272,7.414573,0.275812,9.18975,-2.498113,0.275812,4.379348,0.460332,4.424128,1.844178
2012-03-23,7.242161,8.675032,8.85304,7.845001,7.415717,0.282921,9.187491,-2.63401,0.282921,4.373805,0.461845,4.410978,1.841755
2012-03-30,7.250259,8.660159,8.846041,7.805841,7.41959,0.288482,9.191433,-2.669022,0.288482,4.369498,0.470628,4.417273,1.840391
2012-04-06,7.242855,8.652365,8.821033,7.831947,7.400272,0.269874,9.193652,-2.546442,0.269874,4.380601,0.462286,4.402319,1.84147
2012-04-13,7.222756,8.639728,8.792383,7.855719,7.413458,0.268346,9.194922,-2.551303,0.268346,4.380626,0.460395,4.393585,1.841026
2012-04-20,7.228773,8.6608,8.817316,7.873537,7.404237,0.27907,9.19765,-2.710403,0.27907,4.371901,0.477662,4.400971,1.841914
2012-04-27,7.246625,8.661659,8.824872,7.873278,7.416228,0.281714,9.193581,-2.426902,0.281714,4.365758,0.486492,4.385396,1.84212
2012-05-04,7.221909,8.640306,8.78897,7.906871,7.40381,0.268729,9.199249,-2.578339,0.268729,4.375732,0.479335,4.38015,1.841517
2012-05-11,7.210368,8.626141,8.791779,7.877367,7.3648,0.255959,9.199239,-2.436574,0.255959,4.385321,0.474431,4.381276,1.842183
2012-05-18,7.166436,8.569334,8.743726,7.853209,7.373368,0.245453,9.200058,-2.47801,0.245453,4.398048,0.458563,4.369701,1.845016
2012-05-25,7.183734,8.585138,8.754625,7.852867,7.360759,0.224503,9.200734,-2.484227,0.224503,4.41161,0.448908,4.378144,1.847573
2012-06-01,7.153083,8.567922,8.707861,7.875879,7.392709,0.21793,9.200492,-2.671188,0.21793,4.417514,0.429377,4.356837,1.851537
2012-06-08,7.189666,8.60063,8.721084,7.833731,7.373657,0.224503,9.19936,-2.581109,0.224503,4.412932,0.436511,4.375505,1.851647
2012-06-15,7.202542,8.608643,8.737037,7.850902,7.394555,0.234123,9.205438,-2.42985,0.234123,4.402172,0.452031,4.366024,1.850861
2012-06-22,7.196702,8.614989,8.742454,7.82891,7.36039,0.228728,9.203688,-2.569289,0.228728,4.409836,0.443916,4.387387,1.850799
2012-06-29,7.216827,8.625357,8.766594,7.808571,7.376133,0.236336,9.205197,-2.548997,0.236336,4.40216,0.451521,4.379398,1.849085
2012-07-06,7.211321,8.641644,8.765632,7.81303,7.367551,0.206201,9.20957,-2.514171,0.206201,4.423372,0.43761,4.377768,1.850783
2012-07-13,7.21287,8.642262,8.788304,7.8041,7.371288,0.202859,9.208038,-2.419681,0.202859,4.423037,0.443082,4.371976,1.853058
2012-07-20,7.217194,8.639724,8.799363,7.782582,7.368024,0.195402,9.212259,-2.501646,0.195402,4.424583,0.446095,4.362844,1.852196
2012-07-27,7.234156,8.635369,8.808279,7.761792,7.39197,0.208882,9.211729,-2.33047,0.208882,4.415328,0.454065,4.362589,1.853278
2012-08-03,7.237771,8.663418,8.834287,7.763761,7.379932,0.214062,9.212318,-2.607617,0.214062,4.411282,0.447311,4.362589,1.851992
2012-08-10,7.248412,8.673703,8.845714,7.78312,7.390305,0.206201,9.21052,-2.360532,0.206201,4.413441,0.450375,4.360164,1.85006
2012-08-17,7.257116,8.674611,8.859488,7.746508,7.38774,0.209856,9.215676,-2.475154,0.209856,4.413961,0.450885,4.376511,1.849777
2012-08-24,7.252146,8.661571,8.849524,7.730034,7.420908,0.224183,9.213126,-2.462402,0.224183,4.401743,0.458121,4.365262,1.849195
2012-08-31,7.248917,8.650233,8.849484,7.698424,7.433672,0.229444,9.215945,-2.448652,0.229444,4.397014,0.461593,4.361696,1.848234
2012-09-07,7.270953,8.664716,8.883848,7.748106,7.459137,0.248187,9.217654,-2.394043,0.248187,4.385172,0.470691,4.359909,1.847305
2012-09-14,7.290136,8.68534,8.910873,7.747398,7.478961,0.272238,9.221023,-2.428715,0.272238,4.367509,0.483413,4.361696,1.842944
2012-09-21,7.286294,8.674645,8.916187,7.695785,7.480485,0.260902,9.222397,-2.511949,0.260902,4.373591,0.484215,4.358886,1.841406
2012-09-28,7.272864,8.655575,8.884077,7.737664,7.479921,0.251459,9.222378,-2.576627,0.251459,4.381214,0.480387,4.355939,1.838118
2012-10-05,7.286828,8.677784,8.908947,7.740151,7.484706,0.265436,9.229633,-2.284843,0.265436,4.373705,0.47853,4.365262,1.836613
2012-10-12,7.264443,8.664461,8.886339,7.742632,7.469928,0.258588,9.228377,-2.186136,0.258588,4.377855,0.474618,4.362207,1.835106
2012-10-19,7.267658,8.682055,8.906616,7.754683,7.451096,0.264209,9.232249,-2.293625,0.264209,4.377278,0.470316,4.37349,1.833077
2012-10-26,7.25272,8.666769,8.88625,7.717756,7.445009,0.257661,9.233647,-2.271086,0.257661,4.382876,0.476669,4.377516,1.832453
2012-11-02,7.254319,8.677363,8.904338,7.743604,7.425417,0.249357,9.238821,-2.36276,0.249357,4.389412,0.471378,4.387387,1.831237
2012-11-09,7.22973,8.660372,8.876754,7.714642,7.456559,0.239804,9.241034,-2.338212,0.239804,4.39477,0.463545,4.375631,1.831221
2012-11-16,7.215152,8.63152,8.846573,7.685813,7.446439,0.242397,9.238413,-2.540335,0.242397,4.397617,0.462412,4.398392,1.830179
2012-11-23,7.250742,8.668908,8.89688,7.69288,7.469084,0.260208,9.23705,-2.450157,0.260208,4.384424,0.471877,4.411464,1.829344
2012-11-30,7.255718,8.677068,8.909978,7.668402,7.447052,0.261287,9.239384,-2.620589,0.261287,4.383937,0.470816,4.412435,1.829071
2012-12-07,7.257052,8.685145,8.925029,7.717244,7.440763,0.25681,9.242275,-2.600722,0.25681,4.387114,0.472625,4.412677,1.828734
2012-12-14,7.253881,8.686389,8.935439,7.764661,7.436087,0.274901,9.244365,-3.54738,0.274901,4.376763,0.48082,4.425206,1.831092
2012-12-21,7.265535,8.689463,8.940659,7.771489,7.412915,0.276722,9.248464,-3.122203,0.276722,4.377228,0.480696,4.43367,1.829248
2012-12-28,7.245962,8.686998,8.937532,7.816034,7.41207,0.278919,9.252643,-3.425285,0.278919,4.377994,0.480016,4.453882,1.829505
2013-01-04,7.290613,8.714377,8.958845,7.833763,7.411949,0.267658,9.256842,-2.785958,0.267658,4.388245,0.474307,4.47904,1.829473
2013-01-11,7.294411,8.719576,8.95099,7.817315,7.416258,0.288407,9.25772,-2.713565,0.288407,4.376549,0.478344,4.490769,1.827046
2013-01-18,7.30383,8.724924,8.949265,7.861511,7.429105,0.286682,9.255189,-2.687366,0.286682,4.382477,0.461593,4.500809,1.826982
2013-01-25,7.315192,8.745834,8.969284,7.852311,7.413789,0.297434,9.249907,-2.675389,0.297434,4.378872,0.457551,4.50987,1.82777
2013-02-01,7.321962,8.755775,8.966151,7.916924,7.419051,0.310495,9.251751,-2.792628,0.310495,4.371029,0.45063,4.530447,1.828895
2013-02-08,7.325103,8.742563,8.942741,7.927227,7.418901,0.289979,9.252605,-2.683406,0.289979,4.385097,0.457551,4.529368,1.83013
2013-02-15,7.326327,8.752781,8.935049,7.895125,7.384052,0.289755,9.254175,-2.315366,0.289755,4.38925,0.439351,4.538282,1.830179
2013-02-22,7.323567,8.753956,8.944017,7.861958,7.366066,0.277025,9.251914,-2.193372,0.277025,4.400382,0.416273,4.536891,1.830227
2013-03-01,7.325281,8.760704,8.950035,7.889399,7.362791,0.264285,9.249811,-2.317293,0.264285,4.410529,0.408128,4.538924,1.828204
2013-03-08,7.346771,8.777028,8.985504,7.865929,7.36442,0.262749,9.251789,-2.51615,0.262749,4.415171,0.400453,4.564452,1.826966
2013-03-15,7.35289,8.777964,8.992539,7.839868,7.372715,0.268117,9.252058,-2.601935,0.268117,4.409897,0.41297,4.55682,1.826869
2013-03-22,7.350446,8.762921,8.976054,7.870284,7.383107,0.261441,9.25363,-2.780298,0.261441,4.411294,0.420748,4.548176,1.826644
2013-03-29,7.358315,8.765886,8.961278,7.822076,7.376977,0.248421,9.255629,-2.764621,0.248421,4.418551,0.418645,4.545526,1.826
2013-04-05,7.348124,8.740302,8.943604,7.817444,7.365908,0.261826,9.262003,-2.865933,0.261826,4.41275,0.427683,4.580365,1.82492
2013-04-12,7.370766,8.761611,8.954773,7.808774,7.301822,0.271019,9.259654,-2.965591,0.271019,4.410505,0.427944,4.588838,1.823242
2013-04-19,7.349392,8.746174,8.917305,7.837487,7.246974,0.266356,9.263947,-3.182062,0.266356,4.415389,0.420813,4.600359,1.821399
2013-04-26,7.366597,8.768173,8.96377,7.802745,7.287629,0.264593,9.259273,-3.152386,0.264593,4.412823,0.436641,4.585376,1.818239
2013-05-03,7.386731,8.782854,9.002367,7.821206,7.293528,0.271095,9.262468,-3.188589,0.271095,4.408242,0.442954,4.59512,1.817476
2013-05-10,7.398603,8.798603,9.021428,7.84025,7.278077,0.261518,9.263009,-3.271749,0.261518,4.420562,0.429182,4.621142,1.81502
2013-05-17,7.419063,8.813299,9.035749,7.860204,7.214909,0.249902,9.264213,-3.488391,0.249902,4.433812,0.416735,4.636766,1.815069
2013-05-24,7.408288,8.803025,9.024652,7.862201,7.234646,0.257274,9.263066,-3.477323,0.257274,4.427239,0.414161,4.618086,1.813227
2013-05-31,7.396789,8.79226,9.029878,7.865737,7.235562,0.26221,9.264639,-3.403701,0.26221,4.423349,0.41871,4.609859,1.813831
2013-06-07,7.40451,8.765925,9.018536,7.81769,7.232046,0.27907,9.266664,-3.205713,0.27907,4.402674,0.44199,4.580468,1.813847
2013-06-14,7.394327,8.749615,9.003065,7.790187,7.237591,0.288632,9.267722,-3.237804,0.288632,4.390367,0.451585,4.544464,1.813456
2013-06-21,7.373016,8.718691,8.960499,7.748197,7.167346,0.271629,9.268109,-3.327297,0.271629,4.41059,0.432951,4.583947,1.813521
2013-06-28,7.381676,8.734797,8.982086,7.696504,7.118478,0.263133,9.266097,-3.372902,0.263133,4.420478,0.419499,4.596533,1.815167
2013-07-05,7.397494,8.760221,8.962648,7.708343,7.109226,0.249123,9.273681,-3.522349,0.249123,4.436148,0.398038,4.617,1.813325
2013-07-12,7.426662,8.786448,9.013446,7.729898,7.159059,0.267505,9.272733,-3.545992,0.267505,4.418696,0.412573,4.59734,1.81489
2013-07-19,7.43372,8.799461,9.027807,7.691876,7.167115,0.273304,9.277775,-3.992149,0.273304,4.414094,0.423043,4.611649,1.814515
2013-07-26,7.43346,8.787951,9.017351,7.707067,7.195412,0.283599,9.279316,-4.002495,0.283599,4.402528,0.430613,4.587515,1.814173
2013-08-02,7.444056,8.802052,9.036813,7.717467,7.179117,0.283674,9.283572,-3.46862,0.283674,4.405597,0.424745,4.594716,1.813195
2013-08-09,7.433324,8.792305,9.028616,7.734563,7.181136,0.288332,9.285606,-3.153556,0.288332,4.396004,0.43819,4.566637,1.811676
2013-08-16,7.412058,8.779556,9.035027,7.742463,7.227568,0.287357,9.283498,-3.210908,0.287357,4.397617,0.446351,4.580057,1.810336
2013-08-23,7.416679,8.778341,9.038008,7.734966,7.242619,0.291475,9.281656,-3.76145,0.291475,4.398896,0.442761,4.59249,1.811758
2013-08-30,7.398156,8.766072,9.000008,7.746694,7.240757,0.279297,9.284984,-4.063427,0.279297,4.40778,0.438513,4.586803,1.811562
2013-09-06,7.411659,8.786813,9.021075,7.765476,7.238425,0.27604,9.286023,-4.678817,0.27604,4.408498,0.446671,4.59623,1.811562
2013-09-13,7.431294,8.792367,9.048929,7.819596,7.190216,0.284652,9.286023,-4.761824,0.284652,4.400014,0.462097,4.598951,1.811235
2013-09-20,7.444196,8.794284,9.068285,7.796679,7.18996,0.301881,9.286375,-4.524512,0.301881,4.3874,0.470441,4.598649,1.811676
2013-09-27,7.433519,8.781503,9.066644,7.781126,7.197922,0.301733,9.289909,-5.312416,0.301733,4.385608,0.478654,4.58721,1.811529
2013-10-04,7.43278,8.772437,9.062185,7.786984,7.178393,0.304318,9.294755,-3.842497,0.304318,4.38355,0.470691,4.579545,1.811415
2013-10-11,7.440264,8.777585,9.073928,7.81137,7.148487,0.303285,9.296912,-2.412065,0.303285,4.386541,0.467375,4.590868,1.811317
2013-10-18,7.464223,8.79824,9.089877,7.79402,7.182542,0.313861,9.299541,-3.668293,0.313861,4.377692,0.480387,4.582311,1.80783
2013-10-25,7.472938,8.813043,9.103394,7.770037,7.208452,0.322373,9.300163,-3.430832,0.322373,4.371901,0.480325,4.579032,1.80558
2013-11-01,7.474,8.815034,9.105849,7.776938,7.182504,0.299067,9.300035,-3.136605,0.299067,4.390937,0.465368,4.591882,1.808223
2013-11-08,7.479079,8.811119,9.11364,7.744115,7.161312,0.290204,9.296692,-2.98045,0.290204,4.398183,0.47119,4.595726,1.806812
2013-11-15,7.49453,8.808883,9.12355,7.762481,7.162553,0.299808,9.295361,-2.750123,0.299808,4.392583,0.477352,4.607068,1.807059
2013-11-22,7.498183,8.80602,9.129026,7.782374,7.12579,0.304392,9.295922,-2.788881,0.304392,4.390838,0.484091,4.617691,1.807223
2013-11-29,7.498765,8.802458,9.149029,7.799319,7.133695,0.306823,9.299084,-2.886699,0.306823,4.390491,0.492743,4.629277,1.807141
2013-12-06,7.498366,8.787524,9.123955,7.804778,7.113997,0.315249,9.300163,-3.012268,0.315249,4.385956,0.49152,4.633758,1.805268
2013-12-13,7.481736,8.770278,9.105697,7.785987,7.121898,0.317799,9.30041,-3.049766,0.317799,4.384698,0.488641,4.637153,1.803639
2013-12-20,7.505668,8.795821,9.148484,7.731115,7.092823,0.312692,9.300976,-3.231455,0.312692,4.389188,0.490725,4.645352,1.803507
2013-12-27,7.518281,8.817427,9.168413,7.742176,7.10114,0.318381,9.30363,-3.314286,0.318381,4.386915,0.499623,4.655483,1.803177
2014-01-03,7.51282,8.81443,9.152197,7.736648,7.120452,0.306602,9.303138,-3.083908,0.306602,4.391866,0.495671,4.652531,1.800339
2014-01-10,7.518808,8.815806,9.156226,7.698415,7.129658,0.312619,9.303193,-3.520657,0.312619,4.390218,0.499744,4.64612,1.800389
2014-01-17,7.516814,8.828977,9.1843,7.686387,7.134134,0.303211,9.305714,-3.479267,0.303211,4.397223,0.496159,4.647463,1.799992
2014-01-24,7.490133,8.804436,9.147616,7.716764,7.146835,0.313204,9.308338,-3.159664,0.313204,4.387735,0.499805,4.628301,1.799794
2014-01-31,7.485823,8.781162,9.138466,7.697326,7.126529,0.299215,9.310756,-3.493642,0.299215,4.398281,0.497193,4.625365,1.801677
2014-02-07,7.493885,8.790525,9.137976,7.701869,7.14462,0.310055,9.312148,-2.639317,0.310055,4.390627,0.495489,4.628203,1.802271
2014-02-14,7.516776,8.804418,9.175997,7.738736,7.184394,0.3143,9.315853,-3.322294,0.3143,4.383725,0.515694,4.623108,1.803095
2014-02-21,7.515481,8.830259,9.175433,7.725017,7.188624,0.317799,9.319204,-3.363035,0.317799,4.384985,0.507841,4.629863,1.806894
2014-02-28,7.528036,8.826103,9.179064,7.686608,7.190254,0.322228,9.318558,-3.251657,0.322228,4.378157,0.515395,4.623108,1.815264
2014-03-07,7.537984,8.811752,9.143212,7.681726,7.20041,0.32772,9.317355,-3.091363,0.32772,4.378508,0.513542,4.63725,1.81295
2014-03-14,7.518135,8.783839,9.111228,7.66051,7.232046,0.330382,9.319473,-3.163678,0.330382,4.375078,0.509765,4.618679,1.816452
2014-03-21,7.531831,8.788314,9.142376,7.677308,7.196462,0.321576,9.320656,-3.27386,0.321576,4.383338,0.499987,4.627714,1.828573
2014-03-28,7.527051,8.797183,9.168183,7.674139,7.166482,0.318526,9.322543,-3.479267,0.318526,4.384224,0.509224,4.633077,1.826612
2014-04-04,7.531065,8.809198,9.179445,7.689586,7.172916,0.315176,9.31924,-3.621595,0.315176,4.3873,0.50525,4.637541,1.826531
2014-04-11,7.504221,8.789005,9.139412,7.72783,7.184189,0.328224,9.322955,-3.596847,0.328224,4.375153,0.514738,4.621339,1.826258
2014-04-18,7.530936,8.798643,9.149497,7.707278,7.165725,0.322808,9.326362,-3.849988,0.322808,4.380112,0.518198,4.629277,1.828461
2014-04-25,7.530158,8.807725,9.14863,7.681482,7.172578,0.324544,9.324044,-4.53378,0.324544,4.378884,0.518913,4.626442,1.833045
2014-05-02,7.539633,8.82797,9.164927,7.677243,7.169827,0.327143,9.32863,-4.001948,0.327143,4.375958,0.52307,4.626932,1.834068
2014-05-09,7.538218,8.826818,9.167584,7.665711,7.161459,0.319108,9.330689,-4.080442,0.319108,4.380813,0.521825,4.623697,1.828943
2014-05-16,7.537888,8.832852,9.172545,7.671338,7.165076,0.314373,9.331132,-4.659626,0.314373,4.382564,0.519805,4.620157,1.829938
2014-05-23,7.549888,8.826991,9.186868,7.672483,7.16438,0.309688,9.331708,-3.809015,0.309688,4.386927,0.520637,4.624679,1.830371
2014-05-30,7.561938,8.831202,9.204651,7.676223,7.130683,0.309982,9.334909,-3.600869,0.309982,4.386629,0.516052,4.622814,1.832149
2014-06-06,7.575297,8.833202,9.209059,7.666091,7.133495,0.310715,9.335889,-3.733458,0.310715,4.387126,0.518913,4.629668,1.832581
2014-06-13,7.568462,8.821415,9.201589,7.685354,7.152183,0.303654,9.335095,-3.549813,0.303654,4.389201,0.528803,4.625365,1.826338
2014-06-20,7.582163,8.828377,9.209064,7.667032,7.181478,0.307485,9.33543,-4.66492,0.307485,4.386666,0.531451,4.625757,1.828654
2014-06-27,7.581189,8.818448,9.191684,7.673344,7.182489,0.311154,9.339288,-4.056471,0.311154,4.382514,0.532685,4.618974,1.827432
2014-07-04,7.593596,8.834344,9.211248,7.686484,7.185804,0.307043,9.339006,-4.223998,0.307043,4.385383,0.540054,4.625757,1.825355
2014-07-11,7.584555,8.808395,9.176405,7.672297,7.199395,0.308146,9.337264,-4.054163,0.308146,4.384361,0.537429,4.617494,1.825146
2014-07-18,7.589953,8.817216,9.181943,7.679778,7.178622,0.301733,9.342132,-4.109864,0.301733,4.388555,0.535616,4.618481,1.825839
2014-07-25,7.590013,8.823434,9.174092,7.723319,7.175604,0.294906,9.344172,-3.616745,0.294906,4.394807,0.529157,4.623305,1.823194
2014-08-01,7.562759,8.806751,9.128054,7.753366,7.164983,0.294906,9.346653,-3.72099,0.294906,4.398171,0.520043,4.630935,1.821254
2014-08-08,7.566099,8.789867,9.106015,7.754108,7.178515,0.293341,9.343568,-3.965424,0.293341,4.39924,0.517185,4.625267,1.817525
2014-08-15,7.578176,8.808232,9.115216,7.766688,7.173828,0.29267,9.342736,-3.751606,0.29267,4.39967,0.512404,4.628496,1.816013
2014-08-22,7.595086,8.821032,9.141973,7.768686,7.154686,0.280809,9.345413,-4.065174,0.280809,4.410808,0.505129,4.643814,1.816842
2014-08-29,7.602586,8.827578,9.155902,7.757175,7.160706,0.272467,9.346653,-4.195049,0.272467,4.4158,0.506697,4.645256,1.815427
2014-09-05,7.60475,8.832748,9.184717,7.803541,7.145921,0.258665,9.346426,-4.148378,0.258665,4.427705,0.490235,4.654817,1.815053
2014-09-12,7.593646,8.825701,9.17483,7.799081,7.114526,0.259514,9.347717,-4.714985,0.259514,4.43367,0.486553,4.676095,1.814026
2014-09-19,7.606089,8.830239,9.190062,7.793673,7.103075,0.249123,9.348231,0,0.249123,4.439529,0.487905,4.691715,1.814906
2014-09-26,7.59229,8.80228,9.158052,7.798605,7.105277,0.237677,9.347394,-5.663601,0.237677,4.450152,0.485508,4.694005,1.812722
2014-10-03,7.584722,8.783842,9.126489,7.804247,7.082842,0.224423,9.346758,-4.37963,0.224423,4.462385,0.468252,4.698387,1.814727
2014-10-10,7.55283,8.754629,9.081235,7.810673,7.109144,0.233411,9.351579,-5.213976,0.233411,4.453324,0.474742,4.678978,1.813342
2014-10-17,7.542616,8.749937,9.088203,7.800462,7.121511,0.24373,9.348187,-4.70942,0.24373,4.443945,0.475924,4.671707,1.812248
2014-10-24,7.583034,8.762291,9.103623,7.779346,7.115501,0.236731,9.351779,-4.335143,0.236731,4.451226,0.475613,4.683242,1.811023
2014-10-31,7.609887,8.786681,9.140655,7.827368,7.067729,0.225062,9.355825,-4.544075,0.225062,4.464954,0.469816,4.721352,1.810401
2014-11-07,7.616736,8.789849,9.136891,7.824906,7.071556,0.219537,9.352352,-3.942482,0.219537,4.47326,0.461908,4.741448,1.811922
2014-11-14,7.620617,8.803029,9.132697,7.855967,7.080658,0.225062,9.354311,-4.012396,0.225062,4.471924,0.449099,4.756173,1.813276
2014-11-21,7.632159,8.81741,9.183231,7.856885,7.091368,0.214547,9.354666,-4.453308,0.214547,4.480853,0.448461,4.768818,1.812411
2014-11-28,7.634124,8.813233,9.208424,7.94052,7.062543,0.219296,9.356491,-4.109864,0.219296,4.481374,0.447566,4.776009,1.815378
2014-12-05,7.637895,8.816236,9.219015,8.047154,7.083824,0.205631,9.358278,-4.191076,0.205631,4.492382,0.443275,4.799585,1.816485
2014-12-12,7.602067,8.748405,9.168969,8.068788,7.108653,0.220099,9.358484,-3.986208,0.220099,4.481453,0.452158,4.777189,1.822434
2014-12-19,7.635618,8.786498,9.188806,8.126568,7.087031,0.201143,9.360242,-3.874727,0.201143,4.495333,0.446287,4.783818,1.827866
2014-12-26,7.644331,8.796328,9.202521,8.144923,7.086738,0.197128,9.362306,-5.719912,0.197128,4.500143,0.442054,4.79057,1.826451
2015-01-02,7.629587,8.786884,9.186532,8.170104,7.081061,0.182488,9.363164,-3.955975,0.182488,4.511738,0.427096,4.791401,1.825468
2015-01-09,7.62306,8.779733,9.174558,8.173779,7.10867,0.169067,9.361188,-4.133293,0.169067,4.521082,0.416009,4.774913,1.826048
2015-01-16,7.610566,8.787262,9.226978,8.198406,7.154967,0.145658,9.367327,-3.904055,0.145658,4.527425,0.415481,4.766523,1.825774
2015-01-23,7.626482,8.829494,9.273276,8.180805,7.165571,0.113775,9.367541,-4.178596,0.113775,4.551368,0.404398,4.768734,1.829152
2015-01-30,7.598394,8.817209,9.277468,8.141595,7.157564,0.121244,9.369035,-5.337058,0.121244,4.551812,0.409324,4.766353,1.832661
2015-02-06,7.62826,8.832506,9.291588,8.105434,7.117951,0.123633,9.375126,-4.110474,0.123633,4.550693,0.42147,4.780131,1.831669
2015-02-13,7.648258,8.835432,9.302318,8.151861,7.114306,0.130414,9.374753,-4.863941,0.130414,4.545431,0.430613,4.776684,1.831044
2015-02-20,7.654585,8.841477,9.310244,8.166875,7.091709,0.129448,9.377227,-4.799969,0.129448,4.545983,0.431458,4.779376,1.833365
2015-02-27,7.651833,8.846016,9.341514,8.181116,7.101042,0.112971,9.380868,-4.546901,0.112971,4.556956,0.434247,4.784236,1.835697
2015-03-06,7.635912,8.840985,9.354525,8.154362,7.062363,0.080842,9.380252,-4.054163,0.080842,4.581031,0.407995,4.794385,1.834643
2015-03-13,7.627252,8.815901,9.384429,8.193583,7.054925,0.048504,9.378521,-3.745661,0.048504,4.608465,0.388319,4.798926,1.833972
2015-03-20,7.653542,8.856876,9.395937,8.266825,7.075496,0.078904,9.379349,-4.641834,0.078904,4.584038,0.402461,4.787742,1.825323
2015-03-27,7.630956,8.832737,9.381629,8.286949,7.089035,0.085076,9.379602,0,0.085076,4.577706,0.3975,4.780383,1.827046
2015-04-03,7.633834,8.829586,9.389941,8.335801,7.092466,0.09267,9.381685,0,0.09267,4.570009,0.399849,4.778955,1.82363
2015-04-10,7.650673,8.866408,9.423412,8.376648,7.096374,0.058552,9.383562,0,0.058552,4.598528,0.380626,4.789157,1.825968
2015-04-17,7.64069,8.852898,9.366378,8.432972,7.093637,0.077516,9.384319,0,0.077516,4.580057,0.403129,4.778367,1.824211
2015-04-24,7.658081,8.863715,9.376774,8.455879,7.072795,0.083698,9.384798,-3.969652,0.083698,4.573907,0.417789,4.779039,1.823694
2015-05-01,7.653632,8.851656,9.346127,8.465877,7.072074,0.113418,9.384218,-5.144738,0.113418,4.556998,0.415151,4.788824,1.825065
2015-05-08,7.65733,8.860332,9.368175,8.424727,7.080346,0.113239,9.38426,-6.003537,0.113239,4.551706,0.435218,4.785323,1.826064
2015-05-15,7.660458,8.848005,9.345486,8.437602,7.109928,0.135492,9.385041,-5.020686,0.135492,4.53405,0.452921,4.781054,1.825597
2015-05-22,7.662026,8.858187,9.377126,8.507412,7.09523,0.096673,9.386493,-4.961845,0.096673,4.564494,0.43761,4.800326,1.82413
2015-05-29,7.653205,8.851439,9.34258,8.484841,7.082171,0.094128,9.389097,0,0.094128,4.573752,0.424614,4.82141,1.824162
2015-06-05,7.646272,8.825354,9.323415,8.562272,7.066467,0.10571,9.39005,-4.733004,0.10571,4.567531,0.423371,4.833102,1.825033
2015-06-12,7.646884,8.822458,9.323356,8.582067,7.074667,0.119204,9.388009,-5.193957,0.119204,4.553582,0.442247,4.815431,1.825903
2015-06-19,7.654438,8.811421,9.309289,8.441834,7.090302,0.126809,9.38883,0,0.126809,4.544199,0.462538,4.809742,1.826064
2015-06-26,7.650402,8.817846,9.349444,8.374751,7.069491,0.110467,9.392229,-7.385791,0.110467,4.558833,0.453811,4.81899,1.826048
2015-07-03,7.638574,8.792668,9.310945,8.265115,7.063459,0.10571,9.393944,-6.700741,0.10571,4.565525,0.443082,4.811045,1.825468
2015-07-10,7.638497,8.805882,9.33394,8.320341,7.05936,0.110288,9.395275,-4.415377,0.110288,4.564609,0.439351,4.810394,1.826064
2015-07-17,7.662299,8.821006,9.36507,8.331225,7.033921,0.079735,9.394627,-4.081626,0.079735,4.583558,0.445391,4.820927,1.82608
2015-07-24,7.639955,8.791761,9.336748,8.337176,7.002201,0.094037,9.395175,-3.294138,0.094037,4.577223,0.439029,4.818748,1.82608
2015-07-31,7.65152,8.809307,9.333353,8.247141,6.999258,0.093855,9.396413,-2.877949,0.093855,4.578169,0.446223,4.819475,1.826113
2015-08-07,7.638954,8.812619,9.349305,8.270512,6.997642,0.091941,9.395184,-2.510348,0.091941,4.580498,0.437739,4.822135,1.826113
2015-08-14,7.645656,8.787333,9.304299,8.312268,7.016699,0.105261,9.396629,-2.526229,0.105261,4.56975,0.447183,4.822859,1.854922
2015-08-21,7.58624,8.730311,9.222715,8.185779,7.056994,0.129799,9.399439,-3.541149,0.129799,4.553961,0.450757,4.804431,1.854562
2015-08-28,7.595322,8.740007,9.239756,8.114411,7.03311,0.111989,9.401473,-3.104878,0.111989,4.565452,0.431523,4.801641,1.854687
2015-09-04,7.560716,8.706643,9.214137,8.12143,7.02416,0.107688,9.402637,-3.258137,0.107688,4.566731,0.416537,4.779208,1.849384
2015-09-11,7.581235,8.718951,9.222621,8.115876,7.010113,0.126016,9.402323,-3.491013,0.126016,4.555917,0.433469,4.792396,1.852384
2015-09-18,7.579694,8.716718,9.201921,8.086801,7.037924,0.122395,9.4038,-5.4445,0.122395,4.552434,0.440446,4.787492,1.850657
2015-09-25,7.565969,8.71752,9.178698,8.080841,7.044382,0.11315,9.405693,-5.885304,0.11315,4.567146,0.417525,4.792396,1.852306
2015-10-02,7.576282,8.720947,9.164618,8.071828,7.037748,0.114578,9.404302,-4.590282,0.114578,4.562576,0.418579,4.786741,1.849572
2015-10-09,7.60832,8.766575,9.219954,8.113762,7.053828,0.127337,9.402926,-5.666487,0.127337,4.551907,0.426705,4.789739,1.84773
2015-10-16,7.617322,8.760616,9.220729,8.170203,7.071004,0.126633,9.40201,0,0.126633,4.549023,0.434117,4.782647,1.849053
2015-10-23,7.637789,8.770917,9.286796,8.180668,7.060099,0.096945,9.402414,-9.721166,0.096945,4.576019,0.425986,4.799585,1.848549
2015-10-30,7.639815,8.757955,9.291933,8.170208,7.040676,0.095946,9.407674,-2.848002,0.095946,4.574154,0.433664,4.792645,1.843324
2015-11-06,7.649312,8.756813,9.304562,8.24101,6.993749,0.071483,9.411353,-2.403511,0.071483,4.596815,0.409258,4.813159,1.849006
2015-11-13,7.612357,8.719036,9.278784,8.228508,6.988339,0.074365,9.41186,-2.270215,0.074365,4.5951,0.421142,4.80909,1.85218
2015-11-20,7.644522,8.753787,9.316485,8.235991,6.982751,0.062599,9.413118,-2.360638,0.062599,4.600811,0.418184,4.810638,1.853905
2015-11-27,7.644972,8.760163,9.332006,8.17667,6.963578,0.057608,9.414644,-1.893659,0.057608,4.60537,0.407663,4.810231,1.855438
2015-12-04,7.645728,8.738461,9.282856,8.210013,6.991039,0.084249,9.414652,-1.673923,0.084249,4.588573,0.412904,4.813159,1.856704
2015-12-11,7.607068,8.691614,9.243781,8.190926,6.979843,0.094401,9.415116,-1.493345,0.094401,4.580519,0.419302,4.795625,1.864886
2015-12-18,7.603674,8.708213,9.269382,8.234276,6.971809,0.083238,9.416476,-1.608838,0.083238,4.592115,0.398373,4.798926,1.86889
2015-12-25,7.630942,8.741079,9.280579,8.252759,6.980894,0.093308,9.42065,-1.747838,0.093308,4.583405,0.394606,4.789407,1.868088
2016-01-01,7.622635,8.739107,9.282011,8.224432,6.967363,0.082501,9.420536,-1.671526,0.082501,4.591913,0.390419,4.790238,1.870832
2016-01-08,7.561137,8.684814,9.19516,8.12016,7.006741,0.088377,9.419344,-1.490456,0.088377,4.590463,0.37246,4.764479,1.886281
2016-01-15,7.539203,8.66632,9.163801,8.045181,6.992905,0.087645,9.427603,-1.449319,0.087645,4.594675,0.354663,4.761832,1.884779
2016-01-22,7.553234,8.682709,9.186548,8.04349,7.001246,0.076683,9.428544,-1.232612,0.076683,4.600901,0.355294,4.777273,1.883852
2016-01-29,7.570567,8.713383,9.189945,7.988234,7.019449,0.07992,9.431923,-1.198819,0.07992,4.601222,0.353751,4.796947,1.883427
2016-02-05,7.539054,8.673865,9.136288,7.994224,7.068019,0.109572,9.433276,-1.237564,0.109572,4.575031,0.37177,4.761062,1.883168
2016-02-12,7.530898,8.649554,9.101363,8.008926,7.121188,0.118316,9.430985,-1.327686,0.118316,4.563723,0.372046,4.729421,1.879205
2016-02-19,7.558924,8.691185,9.147193,8.023415,7.111757,0.107059,9.43386,-1.27436,0.107059,4.570579,0.36506,4.724019,1.875227
2016-02-26,7.574584,8.71539,9.160446,7.988892,7.108776,0.089109,9.435817,-1.184759,0.089109,4.586477,0.327648,4.736198,1.877998
2016-03-04,7.600897,8.732213,9.192601,8.037184,7.138272,0.095765,9.436743,-1.253899,0.095765,4.57821,0.352908,4.734179,1.873032
2016-03-11,7.611936,8.722546,9.193309,8.012442,7.131459,0.108944,9.436647,-1.148948,0.108944,4.566138,0.363809,4.735321,1.870956
2016-03-18,7.62539,8.730632,9.205408,8.062105,7.135146,0.119559,9.437595,-1.192538,0.119559,4.554782,0.369907,4.714473,1.867423
2016-03-25,7.618713,8.717106,9.195364,8.070225,7.103717,0.110288,9.440301,-1.226491,0.110288,4.567188,0.346069,4.728184,1.874261
2016-04-01,7.636646,8.723565,9.189591,8.077727,7.108653,0.129975,9.444131,-1.438009,0.129975,4.549858,0.352556,4.715638,1.868998
2016-04-08,7.624424,8.733016,9.171834,8.066437,7.122342,0.130502,9.443521,-1.493523,0.130502,4.545792,0.345574,4.682687,1.866186
2016-04-15,7.640474,8.755225,9.215484,8.093221,7.118138,0.120712,9.444337,-1.509412,0.120712,4.550672,0.350798,4.689327,1.868026
2016-04-22,7.645675,8.749961,9.247009,8.063031,7.116824,0.115113,9.445729,-1.543276,0.115113,4.555097,0.364782,4.716712,1.871725
2016-04-29,7.633031,8.739038,9.21423,8.057298,7.16472,0.135055,9.449082,-1.588655,0.135055,4.533481,0.377957,4.667487,1.868412
2016-05-06,7.629072,8.720248,9.19725,8.0489,7.160768,0.131467,9.451395,-1.620246,0.131467,4.542103,0.366724,4.67395,1.871187
2016-05-13,7.62394,8.722336,9.205619,8.031041,7.149187,0.123191,9.450923,-1.402668,0.123191,4.549742,0.36221,4.68804,1.876713
2016-05-20,7.626726,8.725234,9.201907,8.032107,7.132617,0.115469,9.452102,-1.240326,0.115469,4.557387,0.371977,4.701843,1.879312
2016-05-27,7.649245,8.743658,9.238569,8.026987,7.100811,0.1058,9.454392,-1.196468,0.1058,4.559346,0.379258,4.703476,1.881829
2016-06-03,7.649278,8.733857,9.220613,8.067566,7.126248,0.128129,9.453365,-1.353788,0.128129,4.543603,0.373286,4.668427,1.879343
2016-06-10,7.647819,8.718624,9.193664,8.059589,7.149854,0.117872,9.45418,-1.393118,0.117872,4.549351,0.354523,4.672829,1.881356
2016-06-17,7.635893,8.703024,9.17278,8.042494,7.16935,0.120091,9.457864,-1.439948,0.120091,4.545484,0.361792,4.645928,1.885098
2016-06-24,7.619435,8.722367,9.165046,8.031762,7.181934,0.10589,9.459074,-1.478147,0.10589,4.558582,0.313423,4.626932,1.890367
2016-07-01,7.651096,8.79146,9.187698,8.05649,7.201805,0.107688,9.460149,-1.471373,0.107688,4.560685,0.283448,4.630253,1.896104
2016-07-08,7.66383,8.793406,9.172603,8.068491,7.21992,0.099845,9.459097,-1.381625,0.099845,4.567489,0.25882,4.610655,1.900733
2016-07-15,7.678669,8.805261,9.217008,8.094464,7.198557,0.096764,9.460687,-1.246324,0.096764,4.570372,0.276419,4.653103,1.901137
2016-07-22,7.684798,8.814402,9.224979,8.078738,7.187241,0.093217,9.462514,-1.241156,0.093217,4.579514,0.271324,4.663345,1.899043
2016-07-29,7.68414,8.813502,9.243533,8.072133,7.2086,0.111184,9.464471,-1.409236,0.111184,4.55944,0.279751,4.625659,1.892359
2016-08-05,7.688396,8.823717,9.246403,8.072502,7.197098,0.103098,9.466261,-1.405396,0.103098,4.566367,0.267734,4.623207,1.896165
2016-08-12,7.688936,8.841596,9.279253,8.099928,7.197323,0.11002,9.466934,-1.319421,0.11002,4.561448,0.256191,4.617988,1.89254
2016-08-19,7.688854,8.83331,9.263346,8.121189,7.201365,0.124516,9.467916,-1.244934,0.124516,4.548716,0.268193,4.607268,1.895098
2016-08-26,7.68204,8.830258,9.267455,8.103824,7.186311,0.112971,9.470641,-1.207111,0.112971,4.559817,0.272848,4.623305,1.897545
2016-09-02,7.687071,8.838494,9.276486,8.105944,7.189228,0.109303,9.471373,-1.183354,0.109303,4.562722,0.284652,4.643814,1.899193
2016-09-09,7.662849,8.821282,9.2661,8.10713,7.191377,0.116271,9.471458,-1.165522,0.116271,4.557407,0.28277,4.631715,1.899866
2016-09-16,7.668169,8.811396,9.237583,8.082937,7.177973,0.10993,9.473666,-1.271431,0.10993,4.565473,0.262518,4.627616,1.898324
2016-09-23,7.680032,8.840642,9.27115,8.094278,7.19867,0.115647,9.47405,-1.745544,0.115647,4.558885,0.260362,4.615319,1.89753
2016-09-30,7.681685,8.83918,9.26018,8.087419,7.182162,0.116894,9.475202,-1.414488,0.116894,4.558739,0.260593,4.618383,1.89789
2016-10-07,7.674961,8.859987,9.25826,8.095466,7.136428,0.113507,9.474856,-1.154611,0.113507,4.57091,0.21793,4.634438,1.902115
2016-10-14,7.665275,8.855599,9.266757,8.103449,7.132042,0.092761,9.478167,-1.211467,0.092761,4.585161,0.197785,4.646024,1.906323
2016-10-21,7.669103,8.856585,9.279001,8.110049,7.143839,0.084709,9.477394,-1.220509,0.084709,4.592034,0.201389,4.642851,1.912058
2016-10-28,7.66219,8.853131,9.277643,8.113765,7.151094,0.093855,9.478373,-1.277368,0.093855,4.588512,0.198113,4.651386,1.913815
2016-11-04,7.64261,8.808856,9.235923,8.11796,7.173652,0.108226,9.479932,-1.105335,0.108226,4.575381,0.224583,4.635796,1.91049
2016-11-11,7.679922,8.814394,9.274999,8.136583,7.11302,0.082133,9.479634,-0.776529,0.082133,4.595726,0.230556,4.669646,1.918686
2016-11-18,7.687951,8.821108,9.274681,8.136653,7.096663,0.057136,9.483119,-0.832087,0.057136,4.617198,0.211233,4.708629,1.929548
2016-11-25,7.702262,8.830653,9.277931,8.166586,7.076569,0.057986,9.486418,-0.788843,0.057986,4.61996,0.221302,4.729333,1.934286
